{
  "x-generator": "NSwag v13.10.2.0 (NJsonSchema v10.3.4.0 (Newtonsoft.Json v11.0.0.0))",
  "swagger": "2.0",
  "info": {
    "title": "Weather Forecast API",
    "description": "API for Weather Forecast",
    "termsOfService": "None",
    "version": "v1"
  },
  "produces": [
    "text/plain",
    "application/json",
    "text/json"
  ],
  "paths": {
    "/api/Weather": {
      "get": {
        "tags": [
          "Weather"
        ],
        "summary": "Gets the weather forecast for a location for startHours to endHours, 1, 6 or 12 hours difference",
        "operationId": "Weather_Get",
        "parameters": [
          {
            "type": "integer",
            "name": "startHour",
            "in": "query",
            "format": "int32",
            "default": 0,
            "x-nullable": false
          },
          {
            "type": "integer",
            "name": "hourDuration",
            "in": "query",
            "format": "int32",
            "default": 1,
            "x-nullable": false
          },
          {
            "type": "number",
            "name": "latitude",
            "in": "query",
            "format": "double",
            "default": 67.280357,
            "x-nullable": false
          },
          {
            "type": "number",
            "name": "longitude",
            "in": "query",
            "format": "double",
            "default": 14.404916,
            "x-nullable": false
          }
        ],
        "responses": {
          "200": {
            "x-nullable": false,
            "description": "",
            "schema": {
              "$ref": "#/definitions/WeatherForecastDto"
            }
          }
        }
      }
    },
    "/api/Weather/IsCached": {
      "get": {
        "tags": [
          "Weather"
        ],
        "summary": "Checks whether the data for Bodø (the default coordinates) is currently cached",
        "operationId": "Weather_IsCached",
        "responses": {
          "200": {
            "x-nullable": false,
            "description": "",
            "schema": {
              "type": "boolean"
            }
          }
        }
      }
    }
  },
  "definitions": {
    "WeatherForecastDto": {
      "type": "object",
      "properties": {
        "windSpeed": {
          "type": "number",
          "format": "double"
        },
        "windDirection": {
          "type": "number",
          "format": "double"
        },
        "temperature": {
          "type": "number",
          "format": "double"
        },
        "precipitation": {
          "$ref": "#/definitions/PrecipitationDto"
        },
        "weatherSymbol": {
          "$ref": "#/definitions/WeatherSymbolDto"
        }
      }
    },
    "PrecipitationDto": {
      "type": "object",
      "properties": {
        "probabilityOfPrecipitation": {
          "type": "number",
          "format": "double"
        },
        "precipitationAmount": {
          "type": "number",
          "format": "double"
        }
      }
    },
    "WeatherSymbolDto": {
      "type": "object",
      "properties": {
        "number": {
          "type": "integer",
          "format": "int32"
        },
        "text": {
          "type": "string"
        }
      }
    }
  }
}