{
  "x-generator": "NSwag v13.10.2.0 (NJsonSchema v10.3.4.0 (Newtonsoft.Json v12.0.0.0))",
  "swagger": "2.0",
  "info": {
    "title": "Folkeflyt POI API",
    "description": "API for Folkeflyt Points Of Interest",
    "termsOfService": "None",
    "version": "v1"
  },
  "paths": {
    "/api/POI": {
      "get": {
        "tags": [
          "POI"
        ],
        "operationId": "POI_Get",
        "produces": [
          "text/plain",
          "application/json",
          "text/json"
        ],
        "parameters": [
          {
            "type": "string",
            "name": "filter",
            "in": "query",
            "default": "",
            "x-nullable": true
          },
          {
            "type": "array",
            "name": "tags",
            "in": "query",
            "collectionFormat": "multi",
            "x-nullable": true,
            "items": {
              "type": "string"
            }
          }
        ],
        "responses": {
          "200": {
            "x-nullable": false,
            "description": "",
            "schema": {
              "type": "array",
              "items": {
                "$ref": "#/definitions/POI"
              }
            }
          }
        }
      },
      "post": {
        "tags": [
          "POI"
        ],
        "operationId": "POI_Post",
        "consumes": [
          "application/json-patch+json",
          "application/json",
          "text/json",
          "application/*+json"
        ],
        "produces": [
          "text/plain",
          "application/json",
          "text/json"
        ],
        "parameters": [
          {
            "name": "poi",
            "in": "body",
            "required": true,
            "schema": {
              "$ref": "#/definitions/POI"
            },
            "x-nullable": false
          }
        ],
        "responses": {
          "200": {
            "x-nullable": false,
            "description": "",
            "schema": {
              "$ref": "#/definitions/POI"
            }
          }
        }
      }
    },
    "/api/POI/{id}": {
      "put": {
        "tags": [
          "POI"
        ],
        "operationId": "POI_Put",
        "consumes": [
          "application/json-patch+json",
          "application/json",
          "text/json",
          "application/*+json"
        ],
        "parameters": [
          {
            "type": "integer",
            "name": "id",
            "in": "path",
            "required": true,
            "format": "int32",
            "x-nullable": false
          },
          {
            "name": "value",
            "in": "body",
            "required": true,
            "schema": {
              "type": "string"
            },
            "x-nullable": false
          }
        ],
        "responses": {
          "200": {
            "description": ""
          }
        }
      },
      "delete": {
        "tags": [
          "POI"
        ],
        "operationId": "POI_Delete",
        "parameters": [
          {
            "type": "integer",
            "name": "id",
            "in": "path",
            "required": true,
            "format": "int32",
            "x-nullable": false
          }
        ],
        "responses": {
          "200": {
            "description": ""
          }
        }
      }
    },
    "/api/Route": {
      "get": {
        "tags": [
          "Route"
        ],
        "operationId": "Route_GetRoute",
        "produces": [
          "text/plain",
          "application/json",
          "text/json"
        ],
        "parameters": [
          {
            "type": "string",
            "name": "startPOIID",
            "in": "query",
            "x-nullable": true
          },
          {
            "type": "string",
            "name": "endPOIID",
            "in": "query",
            "x-nullable": true
          },
          {
            "type": "number",
            "name": "minutesAvailable",
            "in": "query",
            "format": "float",
            "x-nullable": false
          },
          {
            "type": "string",
            "name": "transportMode",
            "in": "query",
            "x-nullable": true
          }
        ],
        "responses": {
          "200": {
            "x-nullable": false,
            "description": "",
            "schema": {
              "$ref": "#/definitions/Route"
            }
          }
        }
      }
    }
  },
  "definitions": {
    "POI": {
      "type": "object",
      "required": [
        "_Id",
        "duration",
        "weatherSymbol",
        "estimatedTransportTime"
      ],
      "properties": {
        "_Id": {
          "$ref": "#/definitions/ObjectId"
        },
        "id": {
          "type": "string"
        },
        "name": {
          "type": "string"
        },
        "coordinates": {
          "$ref": "#/definitions/Coordinates"
        },
        "adress": {
          "type": "string"
        },
        "type": {
          "type": "string"
        },
        "openingHours": {
          "$ref": "#/definitions/OpeningHours"
        },
        "weather": {
          "type": "array",
          "items": {
            "type": "string"
          }
        },
        "season": {
          "type": "array",
          "items": {
            "type": "string"
          }
        },
        "duration": {
          "type": "number",
          "format": "float"
        },
        "description": {
          "type": "string"
        },
        "pictureName": {
          "type": "string"
        },
        "pictureLink": {
          "type": "string"
        },
        "weatherSymbol": {
          "type": "integer",
          "format": "int32"
        },
        "transportType": {
          "type": "string"
        },
        "estimatedTransportTime": {
          "type": "number",
          "format": "float"
        },
        "startTime": {
          "type": "string"
        },
        "tags": {
          "type": "array",
          "items": {
            "type": "string"
          }
        }
      }
    },
    "ObjectId": {
      "type": "object",
      "required": [
        "Timestamp",
        "Machine",
        "Pid",
        "Increment",
        "CreationTime"
      ],
      "properties": {
        "Timestamp": {
          "type": "integer",
          "format": "int32"
        },
        "Machine": {
          "type": "integer",
          "format": "int32"
        },
        "Pid": {
          "type": "integer"
        },
        "Increment": {
          "type": "integer",
          "format": "int32"
        },
        "CreationTime": {
          "type": "string",
          "format": "date-time"
        }
      }
    },
    "Coordinates": {
      "type": "object",
      "required": [
        "latitude",
        "longitude"
      ],
      "properties": {
        "latitude": {
          "type": "number",
          "format": "double"
        },
        "longitude": {
          "type": "number",
          "format": "double"
        }
      }
    },
    "OpeningHours": {
      "type": "object",
      "properties": {
        "monday": {
          "$ref": "#/definitions/Day"
        },
        "tuesday": {
          "$ref": "#/definitions/Day"
        },
        "wednesday": {
          "$ref": "#/definitions/Day"
        },
        "thursday": {
          "$ref": "#/definitions/Day"
        },
        "friday": {
          "$ref": "#/definitions/Day"
        },
        "saturday": {
          "$ref": "#/definitions/Day"
        },
        "sunday": {
          "$ref": "#/definitions/Day"
        },
        "closedOnHoliday": {
          "type": "string"
        }
      }
    },
    "Day": {
      "type": "object",
      "properties": {
        "opens": {
          "type": "string"
        },
        "closes": {
          "type": "string"
        }
      }
    },
    "Route": {
      "type": "object",
      "required": [
        "_Id",
        "id",
        "estimatedTimeNeeded",
        "estimatedTimeUsed"
      ],
      "properties": {
        "_Id": {
          "$ref": "#/definitions/ObjectId"
        },
        "id": {
          "type": "integer",
          "format": "int32"
        },
        "estimatedTimeNeeded": {
          "type": "number",
          "format": "float"
        },
        "estimatedTimeUsed": {
          "type": "number",
          "format": "float"
        },
        "startTime": {
          "type": "string"
        },
        "routeName": {
          "type": "string"
        },
        "weather": {
          "type": "array",
          "items": {
            "type": "string"
          }
        },
        "season": {
          "type": "array",
          "items": {
            "type": "string"
          }
        },
        "transportMode": {
          "type": "array",
          "items": {
            "type": "string"
          }
        },
        "openingHours": {
          "$ref": "#/definitions/OpeningHours"
        },
        "pois": {
          "type": "array",
          "items": {
            "$ref": "#/definitions/POI"
          }
        }
      }
    }
  }
}