{
	"id": "a4be1f3e-f7e1-b869-c703-702717aeff65",
	"name": "Flights API",
	"description": "API for Avinor Flight data",
	"order": [],
	"folders": [
		{
			"id": "c61a47b4-f847-4bc1-352f-f23cfcb54b81",
			"name": "flights",
			"description": "Folder for flights",
			"order": [
				"e9c67e16-da07-d05e-751b-e48e10cf7efb",
				"e369e410-9578-27ac-f5d6-fa2555cee026",
				"015a0b53-c8e2-dd43-3613-a5f750c163a9"
			],
			"owner": 0,
			"collectionId": "a4be1f3e-f7e1-b869-c703-702717aeff65",
			"folders_order": []
		},
		{
			"id": "5a964eaf-e55e-7adb-fa40-113a59c5b876",
			"name": "meta",
			"description": "Folder for meta",
			"order": [
				"c887f8cf-ecea-09ff-3988-2295730a9b7a",
				"c5859db6-40f0-3485-977c-233d011c3af6"
			],
			"owner": 0,
			"collectionId": "a4be1f3e-f7e1-b869-c703-702717aeff65",
			"folders_order": []
		}
	],
	"timestamp": 1413302258635,
	"owner": 0,
	"folders_order": [],
	"hasRequests": true,
	"requests": [
		{
			"id": "015a0b53-c8e2-dd43-3613-a5f750c163a9",
			"headers": "Accept: text/plain, application/json, text/json\nOcp-Apim-Subscription-Key: 0e9ca988e60e44a2837d7facaa9d72ff\n",
			"headerData": [
				{
					"key": "Accept",
					"value": "text/plain, application/json, text/json",
					"description": "",
					"enabled": true
				},
				{
					"key": "Ocp-Apim-Subscription-Key",
					"value": "0e9ca988e60e44a2837d7facaa9d72ff",
					"description": "",
					"enabled": true
				}
			],
			"url": "https://ff-dev-apim.azure-api.net/flightdata/flights/arrivals",
			"folder": "c61a47b4-f847-4bc1-352f-f23cfcb54b81",
			"queryParams": [],
			"preRequestScript": "",
			"pathVariables": {},
			"pathVariableData": [],
			"method": "GET",
			"data": [],
			"dataMode": "params",
			"version": 2,
			"tests": "",
			"currentHelper": "normal",
			"helperAttributes": {},
			"time": 1615401299076,
			"name": "GetArrivals",
			"description": "",
			"collectionId": "a4be1f3e-f7e1-b869-c703-702717aeff65",
			"responses": []
		},
		{
			"id": "c5859db6-40f0-3485-977c-233d011c3af6",
			"headers": "Accept: text/plain, application/json, text/json\nOcp-Apim-Subscription-Key: 0e9ca988e60e44a2837d7facaa9d72ff\n",
			"headerData": [
				{
					"key": "Accept",
					"value": "text/plain, application/json, text/json",
					"description": "",
					"enabled": true
				},
				{
					"key": "Ocp-Apim-Subscription-Key",
					"value": "0e9ca988e60e44a2837d7facaa9d72ff",
					"description": "",
					"enabled": true
				}
			],
			"url": "https://ff-dev-apim.azure-api.net/flightdata/meta/statuses",
			"folder": "5a964eaf-e55e-7adb-fa40-113a59c5b876",
			"queryParams": [],
			"preRequestScript": "",
			"pathVariables": {},
			"pathVariableData": [],
			"method": "GET",
			"data": [],
			"dataMode": "params",
			"version": 2,
			"tests": "",
			"currentHelper": "normal",
			"helperAttributes": {},
			"time": 1615401309411,
			"name": "GetStatuses",
			"description": "",
			"collectionId": "a4be1f3e-f7e1-b869-c703-702717aeff65",
			"responses": []
		},
		{
			"id": "c887f8cf-ecea-09ff-3988-2295730a9b7a",
			"headers": "Accept: text/plain, application/json, text/json\nOcp-Apim-Subscription-Key: 0e9ca988e60e44a2837d7facaa9d72ff\n",
			"headerData": [
				{
					"key": "Accept",
					"value": "text/plain, application/json, text/json",
					"description": "",
					"enabled": true
				},
				{
					"key": "Ocp-Apim-Subscription-Key",
					"value": "0e9ca988e60e44a2837d7facaa9d72ff",
					"description": "",
					"enabled": true
				}
			],
			"url": "https://ff-dev-apim.azure-api.net/flightdata/meta/airports",
			"folder": "5a964eaf-e55e-7adb-fa40-113a59c5b876",
			"queryParams": [],
			"preRequestScript": "",
			"pathVariables": {},
			"pathVariableData": [],
			"method": "GET",
			"data": [],
			"dataMode": "params",
			"version": 2,
			"tests": "",
			"currentHelper": "normal",
			"helperAttributes": {},
			"time": 1615401305335,
			"name": "GetAirports",
			"description": "",
			"collectionId": "a4be1f3e-f7e1-b869-c703-702717aeff65",
			"responses": []
		},
		{
			"id": "e369e410-9578-27ac-f5d6-fa2555cee026",
			"headers": "Accept: text/plain, application/json, text/json\nOcp-Apim-Subscription-Key: 0e9ca988e60e44a2837d7facaa9d72ff\n",
			"headerData": [
				{
					"key": "Accept",
					"value": "text/plain, application/json, text/json",
					"description": "",
					"enabled": true
				},
				{
					"key": "Ocp-Apim-Subscription-Key",
					"value": "0e9ca988e60e44a2837d7facaa9d72ff",
					"description": "",
					"enabled": true
				}
			],
			"url": "https://ff-dev-apim.azure-api.net/flightdata/flights/departures",
			"folder": "c61a47b4-f847-4bc1-352f-f23cfcb54b81",
			"queryParams": [],
			"preRequestScript": "",
			"pathVariables": {},
			"pathVariableData": [],
			"method": "GET",
			"data": [],
			"dataMode": "params",
			"version": 2,
			"tests": "",
			"currentHelper": "normal",
			"helperAttributes": {},
			"time": 1615401292278,
			"name": "GetDepartures",
			"description": "",
			"collectionId": "a4be1f3e-f7e1-b869-c703-702717aeff65",
			"responses": []
		},
		{
			"id": "e9c67e16-da07-d05e-751b-e48e10cf7efb",
			"headers": "Accept: text/plain, application/json, text/json\nOcp-Apim-Subscription-Key: 0e9ca988e60e44a2837d7facaa9d72ff\n",
			"headerData": [
				{
					"key": "Accept",
					"value": "text/plain, application/json, text/json",
					"description": "",
					"enabled": true
				},
				{
					"key": "Ocp-Apim-Subscription-Key",
					"value": "0e9ca988e60e44a2837d7facaa9d72ff",
					"description": "",
					"enabled": true
				}
			],
			"url": "https://ff-dev-apim.azure-api.net/flightdata/flights",
			"folder": "c61a47b4-f847-4bc1-352f-f23cfcb54b81",
			"queryParams": [],
			"preRequestScript": "",
			"pathVariables": {},
			"pathVariableData": [],
			"method": "GET",
			"data": [],
			"dataMode": "params",
			"version": 2,
			"tests": "",
			"currentHelper": "normal",
			"helperAttributes": {},
			"time": 1615401288216,
			"name": "GetFlights",
			"description": "",
			"collectionId": "a4be1f3e-f7e1-b869-c703-702717aeff65",
			"responses": []
		}
	]
}