{
	"id": "76ba3a9c-ab95-eba1-0c97-aa64cf65d9b6",
	"name": "Hurtigruten API",
	"description": "API for Hurtigruten",
	"order": [],
	"folders": [
		{
			"id": "429b04e1-16cd-0505-547c-7d8820925871",
			"name": "timetable",
			"description": "Folder for timetable",
			"order": [
				"c1e40c22-1146-296d-0dde-5afd9d478e71"
			],
			"owner": 0,
			"collectionId": "76ba3a9c-ab95-eba1-0c97-aa64cf65d9b6",
			"folders_order": []
		}
	],
	"timestamp": 1413302258635,
	"owner": 0,
	"folders_order": [],
	"hasRequests": true,
	"requests": [
		{
			"id": "c1e40c22-1146-296d-0dde-5afd9d478e71",
			"headers": "Accept: text/plain, application/json, text/json\nOcp-Apim-Subscription-Key: 0e9ca988e60e44a2837d7facaa9d72ff\n",
			"headerData": [
				{
					"key": "Accept",
					"value": "text/plain, application/json, text/json",
					"description": "",
					"enabled": true
				},
				{
					"key": "Ocp-Apim-Subscription-Key",
					"value": "0e9ca988e60e44a2837d7facaa9d72ff",
					"description": "",
					"enabled": true
				}
			],
			"url": "https://ff-dev-apim.azure-api.net/hurtigruten/timetable?dock=bodo",
			"folder": "429b04e1-16cd-0505-547c-7d8820925871",
			"queryParams": [
				{
					"key": "dock",
					"value": "bodo",
					"equals": true,
					"description": "",
					"enabled": true
				}
			],
			"preRequestScript": "",
			"pathVariables": {},
			"pathVariableData": [],
			"method": "GET",
			"data": [],
			"dataMode": "params",
			"version": 2,
			"tests": "",
			"currentHelper": "normal",
			"helperAttributes": {},
			"time": 1615401433266,
			"name": "GetTimetable",
			"description": "",
			"collectionId": "76ba3a9c-ab95-eba1-0c97-aa64cf65d9b6",
			"responses": []
		}
	]
}