{
  "x-generator": "NSwag v13.10.2.0 (NJsonSchema v10.3.4.0 (Newtonsoft.Json v11.0.0.0))",
  "swagger": "2.0",
  "info": {
    "title": "Entur Reiseplanlegger API",
    "description": "API for Entur reiseplanlegger",
    "termsOfService": "None",
    "version": "v1"
  },
  "paths": {
    "/api/StopPlace": {
      "get": {
        "tags": [
          "StopPlace"
        ],
        "operationId": "StopPlace_Get",
        "produces": [
          "text/plain",
          "application/json",
          "text/json"
        ],
        "parameters": [
          {
            "type": "string",
            "name": "stopPlaceId",
            "in": "query",
            "x-nullable": true
          },
          {
            "type": "string",
            "name": "transportType",
            "in": "query",
            "x-nullable": true
          },
          {
            "type": "integer",
            "name": "timeRange",
            "in": "query",
            "format": "int32",
            "default": 72100,
            "x-nullable": false
          },
          {
            "type": "integer",
            "name": "numberOfDepartures",
            "in": "query",
            "format": "int32",
            "default": 10,
            "x-nullable": false
          }
        ],
        "responses": {
          "200": {
            "x-nullable": false,
            "description": "",
            "schema": {
              "$ref": "#/definitions/StopPlace"
            }
          }
        }
      }
    },
    "/api/StopPlace/NextBus": {
      "get": {
        "tags": [
          "StopPlace"
        ],
        "operationId": "StopPlace_GetNextBusFromBodøAirport",
        "produces": [
          "text/plain",
          "application/json",
          "text/json"
        ],
        "parameters": [
          {
            "type": "integer",
            "name": "timeRange",
            "in": "query",
            "format": "int32",
            "default": 72100,
            "x-nullable": false
          },
          {
            "type": "integer",
            "name": "numberOfDepartures",
            "in": "query",
            "format": "int32",
            "default": 10,
            "x-nullable": false
          }
        ],
        "responses": {
          "200": {
            "x-nullable": false,
            "description": "",
            "schema": {
              "$ref": "#/definitions/Estimatedcall"
            }
          }
        }
      }
    },
    "/api/Travel": {
      "get": {
        "tags": [
          "Travel"
        ],
        "operationId": "Travel_Get",
        "parameters": [
          {
            "type": "number",
            "name": "toLong",
            "in": "query",
            "format": "double",
            "x-nullable": false
          },
          {
            "type": "number",
            "name": "toLat",
            "in": "query",
            "format": "double",
            "x-nullable": false
          },
          {
            "type": "number",
            "name": "fromLong",
            "in": "query",
            "format": "double",
            "x-nullable": false
          },
          {
            "type": "number",
            "name": "fromLat",
            "in": "query",
            "format": "double",
            "x-nullable": false
          },
          {
            "type": "string",
            "name": "transportType",
            "in": "query",
            "x-nullable": true
          }
        ],
        "responses": {
          "200": {
            "x-nullable": true,
            "description": "",
            "schema": {
              "type": "file"
            }
          }
        }
      }
    }
  },
  "definitions": {
    "StopPlace": {
      "type": "object",
      "properties": {
        "stopPlace": {
          "$ref": "#/definitions/Stopplace"
        }
      }
    },
    "Stopplace": {
      "type": "object",
      "properties": {
        "id": {
          "type": "string"
        },
        "name": {
          "type": "string"
        },
        "estimatedCalls": {
          "type": "array",
          "items": {
            "$ref": "#/definitions/Estimatedcall"
          }
        }
      }
    },
    "Estimatedcall": {
      "type": "object",
      "required": [
        "realtime",
        "aimedArrivalTime",
        "aimedDepartureTime",
        "expectedArrivalTime",
        "expectedDepartureTime",
        "forBoarding",
        "forAlighting"
      ],
      "properties": {
        "realtime": {
          "type": "boolean"
        },
        "aimedArrivalTime": {
          "type": "string",
          "format": "date-time"
        },
        "aimedDepartureTime": {
          "type": "string",
          "format": "date-time"
        },
        "expectedArrivalTime": {
          "type": "string",
          "format": "date-time"
        },
        "expectedDepartureTime": {
          "type": "string",
          "format": "date-time"
        },
        "actualArrivalTime": {},
        "actualDepartureTime": {},
        "date": {
          "type": "string"
        },
        "forBoarding": {
          "type": "boolean"
        },
        "forAlighting": {
          "type": "boolean"
        },
        "destinationDisplay": {
          "$ref": "#/definitions/Destinationdisplay"
        },
        "quay": {
          "$ref": "#/definitions/Quay"
        },
        "serviceJourney": {
          "$ref": "#/definitions/Servicejourney"
        }
      }
    },
    "Destinationdisplay": {
      "type": "object",
      "properties": {
        "frontText": {
          "type": "string"
        }
      }
    },
    "Quay": {
      "type": "object",
      "properties": {
        "id": {
          "type": "string"
        }
      }
    },
    "Servicejourney": {
      "type": "object",
      "properties": {
        "journeyPattern": {
          "$ref": "#/definitions/Journeypattern"
        }
      }
    },
    "Journeypattern": {
      "type": "object",
      "properties": {
        "line": {
          "$ref": "#/definitions/Line"
        }
      }
    },
    "Line": {
      "type": "object",
      "properties": {
        "id": {
          "type": "string"
        },
        "name": {
          "type": "string"
        },
        "transportMode": {
          "type": "string"
        }
      }
    }
  }
}