{
  "x-generator": "NSwag v13.10.8.0 (NJsonSchema v10.3.11.0 (Newtonsoft.Json v9.0.0.0))",
  "swagger": "2.0",
  "info": {
    "title": "Events API",
    "description": "Information on events in Bodø from Facebook",
    "termsOfService": "None",
    "version": "v1"
  },
  "produces": [
    "text/plain",
    "application/json",
    "text/json"
  ],
  "paths": {
    "/Events": {
      "get": {
        "tags": [
          "Events"
        ],
        "summary": "Events",
        "description": "Get events from Facebook page",
        "operationId": "Events_GetEvents",
        "responses": {
          "200": {
            "x-nullable": false,
            "description": "",
            "schema": {
              "type": "string"
            }
          }
        }
      }
    }
  }
}