{
	"id": "a8e208a9-8e26-6eea-1fce-37d80c881c9d",
	"name": "Bathing Temperature",
	"description": "API for Badetassen",
	"order": [],
	"folders": [
		{
			"id": "fd87633d-a553-2de4-6d00-ef82c2e54d55",
			"name": "BathingTemperature",
			"description": "Folder for BathingTemperature",
			"order": [
				"2f82cc95-1c8e-20ef-1b54-070ade866db1"
			],
			"owner": 0,
			"collectionId": "a8e208a9-8e26-6eea-1fce-37d80c881c9d",
			"folders_order": []
		}
	],
	"timestamp": 1413302258635,
	"owner": 0,
	"folders_order": [],
	"hasRequests": true,
	"requests": [
		{
			"id": "2f82cc95-1c8e-20ef-1b54-070ade866db1",
			"headers": "Accept: text/plain, application/json, text/json\nOcp-Apim-Subscription-Key: 0e9ca988e60e44a2837d7facaa9d72ff\n",
			"headerData": [
				{
					"key": "Accept",
					"value": "text/plain, application/json, text/json",
					"description": "",
					"enabled": true
				},
				{
					"key": "Ocp-Apim-Subscription-Key",
					"value": "0e9ca988e60e44a2837d7facaa9d72ff",
					"description": "",
					"enabled": true
				}
			],
			"url": "https://ff-dev-apim.azure-api.net/badetassen/BathingTemperature",
			"folder": "fd87633d-a553-2de4-6d00-ef82c2e54d55",
			"queryParams": [],
			"preRequestScript": "",
			"pathVariables": {},
			"pathVariableData": [],
			"method": "GET",
			"data": [],
			"dataMode": "params",
			"version": 2,
			"tests": "",
			"currentHelper": "normal",
			"helperAttributes": {},
			"time": 1615400495587,
			"name": "GetBathingTemperature",
			"description": "",
			"collectionId": "a8e208a9-8e26-6eea-1fce-37d80c881c9d",
			"responses": []
		}
	]
}