{
  "definitions": {
    "WeatherSymbol": {
      "description": "A identifier that sums up the weather condition for this time period. May be used with https://api.met.no/weatherapi/weathericon/2.0/.",
      "enum": [
        "clearsky_day",
        "clearsky_night",
        "clearsky_polartwilight",
        "fair_day",
        "fair_night",
        "fair_polartwilight",
        "lightssnowshowersandthunder_day",
        "lightssnowshowersandthunder_night",
        "lightssnowshowersandthunder_polartwilight",
        "lightsnowshowers_day",
        "lightsnowshowers_night",
        "lightsnowshowers_polartwilight",
        "heavyrainandthunder",
        "heavysnowandthunder",
        "rainandthunder",
        "heavysleetshowersandthunder_day",
        "heavysleetshowersandthunder_night",
        "heavysleetshowersandthunder_polartwilight",
        "heavysnow",
        "heavyrainshowers_day",
        "heavyrainshowers_night",
        "heavyrainshowers_polartwilight",
        "lightsleet",
        "heavyrain",
        "lightrainshowers_day",
        "lightrainshowers_night",
        "lightrainshowers_polartwilight",
        "heavysleetshowers_day",
        "heavysleetshowers_night",
        "heavysleetshowers_polartwilight",
        "lightsleetshowers_day",
        "lightsleetshowers_night",
        "lightsleetshowers_polartwilight",
        "snow",
        "heavyrainshowersandthunder_day",
        "heavyrainshowersandthunder_night",
        "heavyrainshowersandthunder_polartwilight",
        "snowshowers_day",
        "snowshowers_night",
        "snowshowers_polartwilight",
        "fog",
        "snowshowersandthunder_day",
        "snowshowersandthunder_night",
        "snowshowersandthunder_polartwilight",
        "lightsnowandthunder",
        "heavysleetandthunder",
        "lightrain",
        "rainshowersandthunder_day",
        "rainshowersandthunder_night",
        "rainshowersandthunder_polartwilight",
        "rain",
        "lightsnow",
        "lightrainshowersandthunder_day",
        "lightrainshowersandthunder_night",
        "lightrainshowersandthunder_polartwilight",
        "heavysleet",
        "sleetandthunder",
        "lightrainandthunder",
        "sleet",
        "lightssleetshowersandthunder_day",
        "lightssleetshowersandthunder_night",
        "lightssleetshowersandthunder_polartwilight",
        "lightsleetandthunder",
        "partlycloudy_day",
        "partlycloudy_night",
        "partlycloudy_polartwilight",
        "sleetshowersandthunder_day",
        "sleetshowersandthunder_night",
        "sleetshowersandthunder_polartwilight",
        "rainshowers_day",
        "rainshowers_night",
        "rainshowers_polartwilight",
        "snowandthunder",
        "sleetshowers_day",
        "sleetshowers_night",
        "sleetshowers_polartwilight",
        "cloudy",
        "heavysnowshowersandthunder_day",
        "heavysnowshowersandthunder_night",
        "heavysnowshowersandthunder_polartwilight",
        "heavysnowshowers_day",
        "heavysnowshowers_night",
        "heavysnowshowers_polartwilight"
      ],
      "example": "clearsky_day"
    },
    "ForecastTimePeriod": {
      "properties": {
        "air_temperature_min": {
          "type": "number",
          "description": "Minimum air temperature in period",
          "example": 11.1
        },
        "probability_of_precipitation": {
          "type": "number",
          "description": "Probability of any precipitation coming for this period",
          "example": 37
        },
        "ultraviolet_index_clear_sky_max": {
          "type": "number",
          "description": "Maximum ultraviolet index if sky is clear",
          "example": 1
        },
        "probability_of_thunder": {
          "description": "Probability of any thunder coming for this period",
          "type": "number",
          "example": 54.32
        },
        "precipitation_amount_max": {
          "description": "Maximum amount of precipitation for this period",
          "type": "number",
          "example": 4.32
        },
        "precipitation_amount": {
          "type": "number",
          "description": "Best estimate for amount of precipitation for this period",
          "example": 1.71
        },
        "precipitation_amount_min": {
          "example": 4.32,
          "type": "number",
          "description": "Minimum amount of precipitation for this period"
        },
        "air_temperature_max": {
          "example": 17.1,
          "description": "Maximum air temperature in period",
          "type": "number"
        }
      },
      "description": "Weather parameters valid for a specified time period.",
      "type": "object"
    },
    "ForecastTimeInstant": {
      "description": "Weather parameters valid for a specific point in time.",
      "properties": {
        "dew_point_temperature": {
          "example": 8.1,
          "description": "Dew point temperature at sea level",
          "type": "number"
        },
        "wind_speed_of_gust": {
          "description": "Speed of wind gust",
          "type": "number",
          "example": 15.9
        },
        "air_pressure_at_sea_level": {
          "example": 1017.23,
          "description": "Air pressure at sea level",
          "type": "number"
        },
        "cloud_area_fraction_high": {
          "description": "Amount of sky covered by clouds at high elevation.",
          "type": "number",
          "example": 95.2
        },
        "wind_from_direction": {
          "type": "number",
          "description": "The directon which moves towards",
          "example": 121.3
        },
        "fog_area_fraction": {
          "example": 95.2,
          "description": "Amount of area covered by fog.",
          "type": "number"
        },
        "cloud_area_fraction_low": {
          "description": "Amount of sky covered by clouds at low elevation.",
          "type": "number",
          "example": 95.2
        },
        "wind_speed": {
          "description": "Speed of wind",
          "type": "number",
          "example": 5.9
        },
        "relative_humidity": {
          "example": 81.1,
          "description": "Amount of humidity in the air.",
          "type": "number"
        },
        "cloud_area_fraction_medium": {
          "example": 95.2,
          "type": "number",
          "description": "Amount of sky covered by clouds at medium elevation."
        },
        "cloud_area_fraction": {
          "example": 95.2,
          "description": "Amount of sky covered by clouds.",
          "type": "number"
        },
        "air_temperature": {
          "description": "Air temperature",
          "type": "number",
          "example": 17.1
        }
      },
      "type": "object"
    },
    "ForecastTimeStep": {
      "type": "object",
      "properties": {
        "time": {
          "example": "2019-12-03T14:00:00Z",
          "type": "string",
          "description": "The time these forecast values are valid for. Timestamp in format YYYY-MM-DDThh:mm:ssZ (ISO 8601)"
        },
        "data": {
          "required": ["instant"],
          "properties": {
            "next_1_hours": {
              "properties": {
                "details": { "$ref": "#/definitions/ForecastTimePeriod" },
                "summary": { "$ref": "#/definitions/ForecastSummary" }
              },
              "description": "Parameters with validity times over one hour. Will not exist for all time steps.",
              "type": "object",
              "required": ["summary", "details"]
            },
            "next_6_hours": {
              "required": ["summary", "details"],
              "type": "object",
              "properties": {
                "summary": { "$ref": "#/definitions/ForecastSummary" },
                "details": { "$ref": "#/definitions/ForecastTimePeriod" }
              },
              "description": "Parameters with validity times over six hours. Will not exist for all time steps."
            },
            "instant": {
              "properties": {
                "details": { "$ref": "#/definitions/ForecastTimeInstant" }
              },
              "description": "Parameters which applies to this exact point in time",
              "type": "object"
            },
            "next_12_hours": {
              "required": ["summary", "details"],
              "type": "object",
              "properties": {
                "summary": { "$ref": "#/definitions/ForecastSummary" },
                "details": { "$ref": "#/definitions/ForecastTimePeriod" }
              },
              "description": "Parameters with validity times over twelve hours. Will not exist for all time steps."
            }
          },
          "description": "Forecast for a specific time",
          "type": "object"
        }
      },
      "title": "Forecast for a specific time step",
      "required": ["time", "data"]
    },
    "ForecastUnits": {
      "type": "object",
      "properties": {
        "cloud_area_fraction_high": { "type": "string", "example": "%" },
        "air_pressure_at_sea_level": { "example": "hPa", "type": "string" },
        "wind_from_direction": { "example": "degrees", "type": "string" },
        "fog_area_fraction": { "type": "string", "example": "%" },
        "wind_speed": { "type": "string", "example": "m/s" },
        "ultraviolet_index_clear_sky_max": { "type": "string", "example": "1" },
        "relative_humidity": { "example": "%", "type": "string" },
        "cloud_area_fraction_medium": { "example": "%", "type": "string" },
        "dew_point_temperature": { "example": "C", "type": "string" },
        "wind_speed_of_gust": { "example": "m/s", "type": "string" },
        "precipitation_amount_max": { "example": "mm", "type": "string" },
        "precipitation_amount_min": { "type": "string", "example": "mm" },
        "air_temperature_max": { "type": "string", "example": "C" },
        "precipitation_amount": { "type": "string", "example": "mm" },
        "air_temperature_min": { "type": "string", "example": "C" },
        "cloud_area_fraction_low": { "example": "%", "type": "string" },
        "probability_of_precipitation": { "example": "%", "type": "string" },
        "cloud_area_fraction": { "type": "string", "example": "%" },
        "air_temperature": { "example": "C", "type": "string" },
        "probability_of_thunder": { "example": "%", "type": "string" }
      }
    },
    "PointGeometry": {
      "required": ["type", "coordinates"],
      "title": "GeoJSON point type",
      "properties": {
        "coordinates": {
          "description": "[longitude, latitude, altitude]. All numbers in decimal.",
          "type": "array",
          "items": { "type": "number" },
          "example": [60.5, 11.59, 1001],
          "minItems": 2
        },
        "type": { "enum": ["Point"], "type": "string" }
      },
      "type": "object"
    },
    "Forecast": {
      "properties": {
        "meta": {
          "type": "object",
          "properties": {
            "units": { "$ref": "#/definitions/ForecastUnits" },
            "updated_at": {
              "description": "Update time for this forecast",
              "type": "string",
              "example": "2019-12-03T13:52:13Z"
            }
          },
          "required": ["updated_at", "units"]
        },
        "timeseries": {
          "items": { "$ref": "#/definitions/ForecastTimeStep" },
          "type": "array"
        }
      },
      "type": "object",
      "required": ["meta", "timeseries"],
      "title": "Forecast timeseries"
    },
    "METJSONForecast": {
      "type": "object",
      "properties": {
        "geometry": { "$ref": "#/definitions/PointGeometry" },
        "type": { "type": "string", "example": "Feature", "enum": ["Feature"] },
        "properties": { "$ref": "#/definitions/Forecast" }
      },
      "title": "GeoJSON Forecast Timeseries",
      "required": ["type", "geometry", "properties"]
    },
    "ForecastSummary": {
      "properties": {
        "symbol_code": { "$ref": "#/definitions/WeatherSymbol" }
      },
      "description": "Summary of weather conditions.",
      "type": "object",
      "required": ["symbol_code"]
    }
  },
  "paths": {
    "/compact.{format}": {
      "get": {
        "tags": ["data"],
        "description": "Weather forecast for a specified place",
        "responses": {
          "200": {
            "description": "Success",
            "schema": { "$ref": "#/definitions/METJSONForecast" }
          }
        },
        "parameters": [
          {
            "name": "altitude",
            "required": false,
            "in": "query",
            "format": "integer",
            "type": "integer",
            "description": "Whole meters above sea level"
          },
          {
            "in": "query",
            "required": true,
            "name": "lat",
            "description": "Latitude",
            "format": "float",
            "type": "number"
          },
          {
            "name": "lon",
            "required": true,
            "in": "query",
            "format": "float",
            "type": "number",
            "description": "Longitude"
          },
          {
            "enum": ["json"],
            "name": "format",
            "in": "path",
            "required": true,
            "type": "string",
            "format": "string",
            "description": "format code (file extension)"
          }
        ],
        "produces": ["application/json;charset=UTF-8"],
        "x-mojo-name": "run"
      }
    },
    "/schema": {
      "get": {
        "x-mojo-name": "schema",
        "produces": ["text/xml"],
        "responses": { "200": { "description": "OK" } },
        "tags": ["metadata"],
        "description": "Schema for XML data"
      }
    },
    "/healthz": {
      "get": {
        "tags": ["metadata"],
        "description": "Check health status for product",
        "responses": { "200": { "description": "OK" } },
        "x-mojo-name": "healthz",
        "produces": ["text/plain"]
      }
    },
    "/status": {
      "get": {
        "parameters": [],
        "responses": {
          "200": { "schema": { "type": "string" }, "description": "Success" }
        },
        "tags": ["data"],
        "description": "Weather forecast for a specified place",
        "x-mojo-name": "run",
        "produces": ["application/json;charset=UTF-8"]
      }
    },
    "/complete.{format}": {
      "get": {
        "parameters": [
          {
            "description": "Whole meters above sea level",
            "type": "integer",
            "format": "integer",
            "in": "query",
            "required": false,
            "name": "altitude"
          },
          {
            "name": "lat",
            "in": "query",
            "required": true,
            "format": "float",
            "type": "number",
            "description": "Latitude"
          },
          {
            "in": "query",
            "required": true,
            "name": "lon",
            "description": "Longitude",
            "format": "float",
            "type": "number"
          },
          {
            "in": "path",
            "required": true,
            "name": "format",
            "enum": ["json"],
            "description": "format code (file extension)",
            "format": "string",
            "type": "string"
          }
        ],
        "responses": {
          "200": {
            "description": "Success",
            "schema": { "$ref": "#/definitions/METJSONForecast" }
          }
        },
        "tags": ["data"],
        "description": "Weather forecast for a specified place",
        "produces": ["application/json;charset=UTF-8"],
        "x-mojo-name": "run"
      }
    },
    "/compact": {
      "get": {
        "tags": ["data"],
        "description": "Weather forecast for a specified place",
        "parameters": [
          {
            "name": "altitude",
            "required": false,
            "in": "query",
            "type": "integer",
            "format": "integer",
            "description": "Whole meters above sea level"
          },
          {
            "required": true,
            "in": "query",
            "name": "lat",
            "description": "Latitude",
            "type": "number",
            "format": "float"
          },
          {
            "format": "float",
            "type": "number",
            "description": "Longitude",
            "name": "lon",
            "required": true,
            "in": "query"
          }
        ],
        "responses": {
          "200": {
            "description": "Success",
            "schema": { "$ref": "#/definitions/METJSONForecast" }
          }
        },
        "produces": ["application/json;charset=UTF-8"],
        "x-mojo-name": "run"
      }
    },
    "/status.{format}": {
      "get": {
        "parameters": [
          {
            "required": true,
            "in": "path",
            "enum": ["json"],
            "name": "format",
            "description": "format code (file extension)",
            "type": "string",
            "format": "string"
          }
        ],
        "responses": {
          "200": { "schema": { "type": "string" }, "description": "Success" }
        },
        "tags": ["data"],
        "description": "Weather forecast for a specified place",
        "produces": ["application/json;charset=UTF-8"],
        "x-mojo-name": "run"
      }
    },
    "/classic": {
      "get": {
        "description": "Weather forecast for a specified place",
        "tags": ["data"],
        "parameters": [
          {
            "description": "Whole meters above sea level",
            "format": "integer",
            "type": "integer",
            "required": false,
            "in": "query",
            "name": "altitude"
          },
          {
            "description": "Latitude",
            "format": "float",
            "type": "number",
            "required": true,
            "in": "query",
            "name": "lat"
          },
          {
            "format": "float",
            "type": "number",
            "description": "Longitude",
            "name": "lon",
            "required": true,
            "in": "query"
          }
        ],
        "responses": {
          "200": { "description": "Success", "schema": { "type": "string" } }
        },
        "x-mojo-name": "run",
        "produces": ["application/xml"]
      }
    },
    "/complete": {
      "get": {
        "responses": {
          "200": {
            "description": "Success",
            "schema": { "$ref": "#/definitions/METJSONForecast" }
          }
        },
        "parameters": [
          {
            "in": "query",
            "required": false,
            "name": "altitude",
            "description": "Whole meters above sea level",
            "type": "integer",
            "format": "integer"
          },
          {
            "description": "Latitude",
            "type": "number",
            "format": "float",
            "required": true,
            "in": "query",
            "name": "lat"
          },
          {
            "required": true,
            "in": "query",
            "name": "lon",
            "description": "Longitude",
            "type": "number",
            "format": "float"
          }
        ],
        "description": "Weather forecast for a specified place",
        "tags": ["data"],
        "x-mojo-name": "run",
        "produces": ["application/json;charset=UTF-8"]
      }
    },
    "/classic.{format}": {
      "get": {
        "x-mojo-name": "run",
        "produces": ["application/xml"],
        "tags": ["data"],
        "description": "Weather forecast for a specified place",
        "responses": {
          "200": { "description": "Success", "schema": { "type": "string" } }
        },
        "parameters": [
          {
            "in": "query",
            "required": false,
            "name": "altitude",
            "description": "Whole meters above sea level",
            "format": "integer",
            "type": "integer"
          },
          {
            "description": "Latitude",
            "type": "number",
            "format": "float",
            "in": "query",
            "required": true,
            "name": "lat"
          },
          {
            "format": "float",
            "type": "number",
            "description": "Longitude",
            "name": "lon",
            "required": true,
            "in": "query"
          },
          {
            "required": true,
            "in": "path",
            "enum": ["xml"],
            "name": "format",
            "description": "format code (file extension)",
            "format": "string",
            "type": "string"
          }
        ]
      }
    }
  },
  "swagger": "2.0",
  "basePath": "/weatherapi/locationforecast/2.0",
  "info": {
    "license": {
      "url": "http://creativecommons.org/licenses/by/4.0",
      "name": "CC BY 4.0"
    },
    "description": "Weather forecast for a specified place",
    "termsOfService": "/doc/TermsOfService",
    "contact": {
      "url": "http://met.no",
      "email": "weatherapi-adm@met.no",
      "name": "Developer Support"
    },
    "title": "Locationforecast",
    "version": "2.0"
  }
}
