{
  "runtime": "NetCore22",
  "documentGenerator": {
    "fromDocument": {
      "url": "MetSwagger.json",
      "output": null,
      "newLineBehavior": "Auto"
    }
  },
  "codeGenerators": {
    "openApiToCSharpClient": {
      "output": "Client/Client.cs",
      "namespace": "WeatherForecast.Client",
      "contractsOutputFilePath": "Client/Models.cs",
      "contractsNamespace": "WeatherForecast.Client",
      "clientBaseClass": null,
      "httpClientType": "System.Net.Http.HttpClient",
      "injectHttpClient": true,
      "generateClientInterfaces": true,
      "generateSyncMethods": false,
      "generateContractsOutput": true,
      "UseHttpClientCreationMethod": false,
      "useHttpRequestMessageCreationMethod": false,
      "operationGenerationMode": "SingleClientFromOperationId",
      "dateType": "System.DateTime",
      "dateTimeType": "System.DateTimeOffset",
      "UseBaseUrl": true
    }
  }
}
