{
  "x-generator": "NSwag v13.10.2.0 (NJsonSchema v10.3.4.0 (Newtonsoft.Json v11.0.0.0))",
  "swagger": "2.0",
  "info": {
    "title": "Weather Forecast API",
    "description": "Weather forecast for Bodø. Get information on current and future weather in Bodø from the Norwegian Meteorological Institute.",
    "termsOfService": "None",
    "version": "v1"
  },
  "produces": [
    "text/plain",
    "application/json",
    "text/json"
  ],
  "paths": {
    "/api/Weather": {
      "get": {
        "tags": [
          "Weather"
        ],
        "summary": "Get weather forecast for location",
        "description": "Get weather forecast for a location for startHours to endHours, 1, 6 or 12 hours difference. Default location is Bodø.",
        "operationId": "Weather_Get",
        "parameters": [
          {
            "type": "integer",
            "name": "startHour",
            "in": "query",
            "format": "int32",
            "default": 0,
            "x-nullable": false
          },
          {
            "type": "integer",
            "name": "hourDuration",
            "in": "query",
            "format": "int32",
            "default": 1,
            "x-nullable": false
          },
          {
            "type": "number",
            "name": "latitude",
            "in": "query",
            "format": "double",
            "default": 67.280357,
            "x-nullable": false
          },
          {
            "type": "number",
            "name": "longitude",
            "in": "query",
            "format": "double",
            "default": 14.404916,
            "x-nullable": false
          }
        ],
        "responses": {
          "200": {
            "x-nullable": false,
            "description": "",
            "schema": {
              "$ref": "#/definitions/WeatherForecastDto"
            }
          }
        }
      }
    },
    "/api/Weather/CurrentWeather": {
      "get": {
        "tags": [
          "Weather"
        ],
        "summary": "Get current weather conditions in Bodø",
        "description": "Get detailed information about current weather conditions in Bodø",
        "operationId": "Weather_GetCurrentWeather",
        "responses": {
          "200": {
            "x-nullable": false,
            "description": "",
            "schema": {
              "$ref": "#/definitions/CurrentWeatherDto"
            }
          }
        }
      }
    }
  },
  "definitions": {
    "WeatherForecastDto": {
      "type": "object",
      "properties": {
        "windSpeed": {
          "type": "number",
          "format": "double"
        },
        "windDirection": {
          "type": "number",
          "format": "double"
        },
        "temperature": {
          "type": "number",
          "format": "double"
        },
        "precipitation": {
          "$ref": "#/definitions/PrecipitationDto"
        },
        "weatherSymbol": {
          "$ref": "#/definitions/WeatherSymbolDto"
        }
      }
    },
    "PrecipitationDto": {
      "type": "object",
      "properties": {
        "probabilityOfPrecipitation": {
          "type": "number",
          "format": "double"
        },
        "precipitationAmount": {
          "type": "number",
          "format": "double"
        }
      }
    },
    "WeatherSymbolDto": {
      "type": "object",
      "properties": {
        "number": {
          "type": "integer",
          "format": "int32"
        },
        "text": {
          "type": "string"
        }
      }
    },
    "CurrentWeatherDto": {
      "type": "object",
      "properties": {
        "air_pressure_at_sea_level[hPa]": {
          "type": "number",
          "format": "double"
        },
        "air_temperature[C]": {
          "type": "number",
          "format": "double"
        },
        "cloud_area_fraction[%]": {
          "type": "number",
          "format": "double"
        },
        "cloud_area_fraction_high[%]": {
          "type": "number",
          "format": "double"
        },
        "cloud_area_fraction_low[%]": {
          "type": "number",
          "format": "double"
        },
        "cloud_area_fraction_medium[%]": {
          "type": "number",
          "format": "double"
        },
        "dew_point_temperature[C]": {
          "type": "number",
          "format": "double"
        },
        "fog_area_fraction[%]": {
          "type": "number",
          "format": "double"
        },
        "relative_humidity[%]": {
          "type": "number",
          "format": "double"
        },
        "wind_from_direction[degrees]": {
          "type": "number",
          "format": "double"
        },
        "wind_speed[m/s]": {
          "type": "number",
          "format": "double"
        },
        "wind_speed_of_gust[m/s]": {
          "type": "number",
          "format": "double"
        },
        "weather_description": {
          "type": "string"
        },
        "next_hour_precipitation_probability[%]": {
          "type": "number",
          "format": "double"
        },
        "next_hour_predicted_precipitation_amount[mm]": {
          "type": "number",
          "format": "double"
        }
      }
    }
  }
}