{
	"id": "8f57b248-9cbc-1fed-a155-9f918c1bae09",
	"name": "Weather Forecast API",
	"description": "API for Weather Forecast",
	"order": [],
	"folders": [
		{
			"id": "6b77c5e1-f189-8676-0e3b-d0b97e1c2536",
			"name": "api",
			"description": "Folder for api",
			"order": [
				"61b4953b-7b92-9156-5605-e0c45948afe2",
				"582378d5-2dde-1ad0-ad9d-819db061c9a0"
			],
			"owner": 0,
			"collectionId": "8f57b248-9cbc-1fed-a155-9f918c1bae09",
			"folders_order": []
		}
	],
	"timestamp": 1413302258635,
	"owner": 0,
	"folders_order": [],
	"hasRequests": true,
	"requests": [
		{
			"id": "582378d5-2dde-1ad0-ad9d-819db061c9a0",
			"headers": "Accept: text/plain, application/json, text/json\nOcp-Apim-Subscription-Key: 0e9ca988e60e44a2837d7facaa9d72ff\n",
			"headerData": [
				{
					"key": "Accept",
					"value": "text/plain, application/json, text/json",
					"description": "",
					"enabled": true
				},
				{
					"key": "Ocp-Apim-Subscription-Key",
					"value": "0e9ca988e60e44a2837d7facaa9d72ff",
					"description": "",
					"enabled": true
				}
			],
			"url": "https://ff-dev-apim.azure-api.net/weatherforecast/api/Weather/IsCached",
			"folder": "6b77c5e1-f189-8676-0e3b-d0b97e1c2536",
			"queryParams": [],
			"preRequestScript": "",
			"pathVariables": {},
			"pathVariableData": [],
			"method": "GET",
			"data": [],
			"dataMode": "params",
			"version": 2,
			"tests": "",
			"currentHelper": "normal",
			"helperAttributes": {},
			"time": 1615402345191,
			"name": "Checks whether the data for Bodø (the default coordinates) is currently cached",
			"description": "",
			"collectionId": "8f57b248-9cbc-1fed-a155-9f918c1bae09",
			"responses": []
		},
		{
			"id": "61b4953b-7b92-9156-5605-e0c45948afe2",
			"headers": "Accept: text/plain, application/json, text/json\nOcp-Apim-Subscription-Key: 0e9ca988e60e44a2837d7facaa9d72ff\n",
			"headerData": [
				{
					"key": "Accept",
					"value": "text/plain, application/json, text/json",
					"description": "",
					"enabled": true
				},
				{
					"key": "Ocp-Apim-Subscription-Key",
					"value": "0e9ca988e60e44a2837d7facaa9d72ff",
					"description": "",
					"enabled": true
				}
			],
			"url": "https://ff-dev-apim.azure-api.net/weatherforecast/api/Weather?startHour=0&hourDuration=1&latitude=67.280357&longitude=14.404916",
			"folder": "6b77c5e1-f189-8676-0e3b-d0b97e1c2536",
			"queryParams": [
				{
					"key": "startHour",
					"value": "0",
					"equals": true,
					"description": "",
					"enabled": true
				},
				{
					"key": "hourDuration",
					"value": "1",
					"equals": true,
					"description": "",
					"enabled": true
				},
				{
					"key": "latitude",
					"value": "67.280357",
					"equals": true,
					"description": "",
					"enabled": true
				},
				{
					"key": "longitude",
					"value": "14.404916",
					"equals": true,
					"description": "",
					"enabled": true
				}
			],
			"preRequestScript": "",
			"pathVariables": {},
			"pathVariableData": [],
			"method": "GET",
			"data": [],
			"dataMode": "params",
			"version": 2,
			"tests": "",
			"currentHelper": "normal",
			"helperAttributes": {},
			"time": 1615402368982,
			"name": "Gets the weather forecast for a location for startHours to endHours, 1, 6 or 12 hours difference",
			"description": "",
			"collectionId": "8f57b248-9cbc-1fed-a155-9f918c1bae09",
			"responses": []
		}
	]
}