{
  "x-generator": "NSwag v13.10.2.0 (NJsonSchema v10.3.4.0 (Newtonsoft.Json v12.0.0.0))",
  "swagger": "2.0",
  "info": {
    "title": "Folkeflyt POI API",
    "description": "API for handpicked Points Of Interest (POIs) in Bodø. POIs include as museums, landmarks, restaurants etc.",
    "termsOfService": "None",
    "version": "v1"
  },
  "produces": [
    "text/plain",
    "application/json",
    "text/json"
  ],
  "paths": {
    "/api/POI": {
      "get": {
        "tags": [
          "POI"
        ],
        "summary": "Get Points Of Interest (POIs)",
        "description": "Get Points Of Interest (POIs), either all POIs, or filter based on id and/or type.",
        "operationId": "POI_Get",
        "parameters": [
          {
            "type": "integer",
            "name": "id",
            "in": "query",
            "format": "int32",
            "x-nullable": true
          },
          {
            "type": "string",
            "name": "type",
            "in": "query",
            "x-schema": {
              "$ref": "#/definitions/TypeEnum"
            },
            "x-nullable": true,
            "enum": [
              "natur",
              "aktiviteter",
              "kultur",
              "mat",
              "lokale_produkter",
              "transport"
            ]
          }
        ],
        "responses": {
          "200": {
            "x-nullable": false,
            "description": "",
            "schema": {
              "type": "array",
              "items": {
                "$ref": "#/definitions/POI"
              }
            }
          }
        }
      }
    },
    "/translate": {
      "post": {
        "tags": [
          "POI"
        ],
        "operationId": "POI_Translate",
        "parameters": [
          {
            "type": "string",
            "name": "textToTranslate",
            "in": "query",
            "x-nullable": true
          },
          {
            "type": "string",
            "name": "toLanguage",
            "in": "query",
            "x-nullable": true
          }
        ],
        "responses": {
          "200": {
            "x-nullable": false,
            "description": "",
            "schema": {
              "type": "string"
            }
          }
        }
      }
    }
  },
  "definitions": {
    "POI": {
      "type": "object",
      "required": [
        "duration",
        "weatherSymbol",
        "estimatedTransportTime"
      ],
      "properties": {
        "id": {
          "type": "string"
        },
        "name": {
          "type": "string"
        },
        "coordinates": {
          "$ref": "#/definitions/Coordinates"
        },
        "address": {
          "type": "string"
        },
        "type": {
          "type": "string"
        },
        "openingHours": {
          "$ref": "#/definitions/OpeningHours"
        },
        "weather": {
          "type": "array",
          "items": {
            "type": "string"
          }
        },
        "season": {
          "type": "array",
          "items": {
            "type": "string"
          }
        },
        "duration": {
          "type": "number",
          "format": "float"
        },
        "description": {
          "type": "string"
        },
        "pictureName": {
          "type": "string"
        },
        "pictureLink": {
          "type": "string"
        },
        "pictureLinkMobile": {
          "type": "string"
        },
        "weatherSymbol": {
          "type": "integer",
          "format": "int32"
        },
        "transportType": {
          "type": "string"
        },
        "estimatedTransportTime": {
          "type": "number",
          "format": "float"
        },
        "startTime": {
          "type": "string"
        },
        "tags": {
          "type": "array",
          "items": {
            "type": "string"
          }
        },
        "url": {
          "type": "string"
        },
        "events": {
          "type": "array",
          "items": {
            "$ref": "#/definitions/Event"
          }
        }
      }
    },
    "Coordinates": {
      "type": "object",
      "required": [
        "latitude",
        "longitude"
      ],
      "properties": {
        "latitude": {
          "type": "number",
          "format": "double"
        },
        "longitude": {
          "type": "number",
          "format": "double"
        }
      }
    },
    "OpeningHours": {
      "type": "object",
      "properties": {
        "monday": {
          "$ref": "#/definitions/OpeningHoursDay"
        },
        "tuesday": {
          "$ref": "#/definitions/OpeningHoursDay"
        },
        "wednesday": {
          "$ref": "#/definitions/OpeningHoursDay"
        },
        "thursday": {
          "$ref": "#/definitions/OpeningHoursDay"
        },
        "friday": {
          "$ref": "#/definitions/OpeningHoursDay"
        },
        "saturday": {
          "$ref": "#/definitions/OpeningHoursDay"
        },
        "sunday": {
          "$ref": "#/definitions/OpeningHoursDay"
        },
        "closedOnHoliday": {
          "type": "string"
        }
      }
    },
    "OpeningHoursDay": {
      "type": "object",
      "properties": {
        "opens": {
          "type": "string"
        },
        "closes": {
          "type": "string"
        }
      }
    },
    "Event": {
      "type": "object",
      "required": [
        "date"
      ],
      "properties": {
        "name": {
          "type": "string"
        },
        "startTime": {
          "type": "string"
        },
        "date": {
          "type": "string",
          "format": "date-time"
        }
      }
    },
    "TypeEnum": {
      "type": "string",
      "description": "",
      "x-enumNames": [
        "natur",
        "aktiviteter",
        "kultur",
        "mat",
        "lokale_produkter",
        "transport"
      ],
      "enum": [
        "natur",
        "aktiviteter",
        "kultur",
        "mat",
        "lokale_produkter",
        "transport"
      ]
    }
  }
}