{
  "x-generator": "NSwag v13.10.2.0 (NJsonSchema v10.3.4.0 (Newtonsoft.Json v12.0.0.0))",
  "swagger": "2.0",
  "info": {
    "title": "Points Of Interest API",
    "description": "Current API for Points Of Interest (POIs) and directions and places from Google Maps in Bodø. POIs include sights such as museums, landmarks, etc.",
    "termsOfService": "None",
    "version": "v1"
  },
  "produces": [
    "text/plain",
    "application/json",
    "text/json"
  ],
  "paths": {
    "/api/Directions": {
      "get": {
        "tags": [
          "Directions"
        ],
        "summary": "Get the optimal route from A to B given the transport mode and minutes available",
        "description": "This operation decides the optimal route from A to B given the transport mode and minutes available using the EnTur API in the background",
        "operationId": "Directions_RouteFinder",
        "parameters": [
          {
            "type": "number",
            "name": "fromLat",
            "in": "query",
            "format": "double",
            "default": 67.272768,
            "x-nullable": false
          },
          {
            "type": "number",
            "name": "fromLon",
            "in": "query",
            "format": "double",
            "default": 14.367313,
            "x-nullable": false
          },
          {
            "type": "number",
            "name": "toLat",
            "in": "query",
            "format": "double",
            "default": 67.280784,
            "x-nullable": false
          },
          {
            "type": "number",
            "name": "toLon",
            "in": "query",
            "format": "double",
            "default": 14.371899,
            "x-nullable": false
          },
          {
            "type": "string",
            "name": "transportType",
            "in": "query",
            "x-schema": {
              "$ref": "#/definitions/TransportTypeEnum"
            },
            "default": "publictransport",
            "x-nullable": false,
            "enum": [
              "walk",
              "publictransport",
              "bike"
            ]
          }
        ],
        "responses": {
          "200": {
            "x-nullable": false,
            "description": "",
            "schema": {
              "$ref": "#/definitions/EnTurJourneyPlanResult"
            }
          }
        }
      }
    },
    "/api/Directions/ClosestOtto": {
      "get": {
        "tags": [
          "Directions"
        ],
        "summary": "Find Otto stations nearby",
        "description": "Finds the coordinates of all nearby (within specified radius) Otto stations",
        "operationId": "Directions_OttoFinder",
        "parameters": [
          {
            "type": "number",
            "name": "lat",
            "in": "query",
            "format": "double",
            "default": 67.27201106674154,
            "x-nullable": false
          },
          {
            "type": "number",
            "name": "lon",
            "in": "query",
            "format": "double",
            "default": 14.351895205688761,
            "x-nullable": false
          },
          {
            "type": "number",
            "name": "meterDistance",
            "in": "query",
            "format": "double",
            "default": 1000.0,
            "x-nullable": false
          }
        ],
        "responses": {
          "200": {
            "x-nullable": false,
            "description": "",
            "schema": {
              "$ref": "#/definitions/ClosestLocationInfoModel"
            }
          }
        }
      }
    },
    "/api/Directions/FindOttoRoute": {
      "get": {
        "tags": [
          "Directions"
        ],
        "summary": "Otto wayfinder",
        "description": "Finds the closest Otto stations to go from/to, and shows directions for the whole journey",
        "operationId": "Directions_OttoJourney",
        "parameters": [
          {
            "type": "number",
            "name": "fromLat",
            "in": "query",
            "format": "double",
            "default": 67.27201106674154,
            "x-nullable": false
          },
          {
            "type": "number",
            "name": "fromLon",
            "in": "query",
            "format": "double",
            "default": 14.351895205688761,
            "x-nullable": false
          },
          {
            "type": "number",
            "name": "toLat",
            "in": "query",
            "format": "double",
            "default": 67.28863567665056,
            "x-nullable": false
          },
          {
            "type": "number",
            "name": "toLon",
            "in": "query",
            "format": "double",
            "default": 14.39420973532621,
            "x-nullable": false
          },
          {
            "type": "number",
            "name": "maxWalkDistance",
            "in": "query",
            "format": "double",
            "default": 10000000.0,
            "x-nullable": false
          }
        ],
        "responses": {
          "200": {
            "x-nullable": false,
            "description": "",
            "schema": {
              "type": "array",
              "items": {
                "$ref": "#/definitions/EnTurJourneyPlanResult"
              }
            }
          }
        }
      }
    }
  },
  "definitions": {
    "EnTurJourneyPlanResult": {
      "type": "object",
      "properties": {
        "trip": {
          "$ref": "#/definitions/EnTurTrip"
        }
      }
    },
    "EnTurTrip": {
      "type": "object",
      "properties": {
        "tripPatterns": {
          "type": "array",
          "items": {
            "$ref": "#/definitions/EnTurTripPattern"
          }
        }
      }
    },
    "EnTurTripPattern": {
      "type": "object",
      "required": [
        "startTime",
        "duration",
        "walkDistance"
      ],
      "properties": {
        "startTime": {
          "type": "string",
          "format": "date-time"
        },
        "duration": {
          "type": "number",
          "format": "double"
        },
        "walkDistance": {
          "type": "number",
          "format": "double"
        },
        "legs": {
          "type": "array",
          "items": {
            "$ref": "#/definitions/EnTurLegs"
          }
        }
      }
    },
    "EnTurLegs": {
      "type": "object",
      "required": [
        "distance"
      ],
      "properties": {
        "mode": {
          "type": "string"
        },
        "distance": {
          "type": "number",
          "format": "double"
        },
        "line": {
          "$ref": "#/definitions/EnTurLine"
        },
        "pointsOnLink": {
          "$ref": "#/definitions/EnTurPointsOnLink"
        }
      }
    },
    "EnTurLine": {
      "type": "object",
      "properties": {
        "id": {
          "type": "string"
        },
        "publicCode": {
          "type": "string"
        }
      }
    },
    "EnTurPointsOnLink": {
      "type": "object",
      "required": [
        "length"
      ],
      "properties": {
        "points": {
          "type": "string"
        },
        "length": {
          "type": "number",
          "format": "double"
        }
      }
    },
    "TransportTypeEnum": {
      "type": "string",
      "description": "",
      "x-enumNames": [
        "walk",
        "publictransport",
        "bike"
      ],
      "enum": [
        "walk",
        "publictransport",
        "bike"
      ]
    },
    "ClosestLocationInfoModel": {
      "type": "object",
      "required": [
        "distanceInMeter"
      ],
      "properties": {
        "location": {
          "$ref": "#/definitions/LocationsModel"
        },
        "distanceInMeter": {
          "type": "number",
          "format": "double"
        }
      }
    },
    "LocationsModel": {
      "type": "object",
      "required": [
        "locationId",
        "lockedGarage",
        "favourite"
      ],
      "properties": {
        "locationId": {
          "type": "integer",
          "format": "int32"
        },
        "name": {
          "type": "string"
        },
        "address": {
          "type": "string"
        },
        "latitude": {
          "type": "string"
        },
        "longitude": {
          "type": "string"
        },
        "car": {
          "type": "string"
        },
        "bike": {
          "type": "string"
        },
        "scooter": {
          "type": "string"
        },
        "lockedGarage": {
          "type": "boolean"
        },
        "favourite": {
          "type": "boolean"
        }
      }
    }
  }
}