{
  "x-generator": "NSwag v13.10.2.0 (NJsonSchema v10.3.4.0 (Newtonsoft.Json v12.0.0.0))",
  "swagger": "2.0",
  "info": {
    "title": "Hurtigruten API",
    "description": "Get information on Hurtigruten, such as a timetable with departures in both directions",
    "termsOfService": "None",
    "version": "v1"
  },
  "produces": [
    "text/plain",
    "application/json",
    "text/json"
  ],
  "paths": {
    "/timetable": {
      "get": {
        "tags": [
          "Timetable"
        ],
        "summary": "Get timetable for Hurtigruten",
        "description": "Get timetable for Hurtigruten, for departures in southward and northward direction in the same response",
        "operationId": "Timetable_Get",
        "parameters": [
          {
            "type": "string",
            "name": "dock",
            "in": "query",
            "default": "bodo",
            "x-nullable": true
          }
        ],
        "responses": {
          "200": {
            "x-nullable": false,
            "description": "",
            "schema": {
              "type": "array",
              "items": {
                "$ref": "#/definitions/DepartureModel"
              }
            }
          }
        }
      }
    }
  },
  "definitions": {
    "DepartureModel": {
      "type": "object",
      "properties": {
        "direction": {
          "type": "string"
        },
        "shipName": {
          "type": "string"
        },
        "departureTime": {
          "type": "string",
          "format": "date-time"
        }
      }
    }
  }
}