{
  "x-generator": "NSwag v13.13.2.0 (NJsonSchema v10.5.2.0 (Newtonsoft.Json v9.0.0.0))",
  "swagger": "2.0",
  "info": {
    "title": "DataAccess API",
    "description": "DataAccess API",
    "termsOfService": "None",
    "version": "v1"
  },
  "produces": [
    "text/plain",
    "application/json",
    "text/json"
  ],
  "paths": {
    "/Data/Avinor": {
      "get": {
        "tags": [
          "Data"
        ],
        "summary": "Get data from Avinor",
        "description": "This is data from Avinor",
        "operationId": "Data_GetAvinorData",
        "parameters": [
          {
            "type": "string",
            "name": "filter",
            "in": "query",
            "x-nullable": true
          },
          {
            "type": "integer",
            "name": "maxResults",
            "in": "query",
            "format": "int32",
            "x-nullable": true
          }
        ],
        "responses": {
          "200": {
            "x-nullable": false,
            "description": "",
            "schema": {
              "type": "array",
              "items": {
                "$ref": "#/definitions/TableEntity"
              }
            }
          }
        }
      }
    },
    "/Data/Telenor": {
      "get": {
        "tags": [
          "Data"
        ],
        "summary": "Get data from Telenor",
        "description": "This is data from Telenor",
        "operationId": "Data_GetTelenorData",
        "parameters": [
          {
            "type": "string",
            "name": "filter",
            "in": "query",
            "x-nullable": true
          },
          {
            "type": "integer",
            "name": "maxResults",
            "in": "query",
            "format": "int32",
            "x-nullable": true
          }
        ],
        "responses": {
          "200": {
            "x-nullable": false,
            "description": "",
            "schema": {
              "type": "array",
              "items": {
                "$ref": "#/definitions/TableEntity"
              }
            }
          }
        }
      }
    }
  },
  "definitions": {
    "TableEntity": {
      "type": "object",
      "description": "A generic dictionary-like ITableEntity type which defines an arbitrary set of properties on an entity as key-value pairs.",
      "required": [
        "ETag",
        "Count"
      ],
      "properties": {
        "PartitionKey": {
          "type": "string",
          "description": "The partition key is a unique identifier for the partition within a given table and forms the first part of an entity's primary key."
        },
        "RowKey": {
          "type": "string",
          "description": "The row key is a unique identifier for an entity within a given partition. Together, the PartitionKey and RowKey uniquely identify an entity within a table."
        },
        "Timestamp": {
          "type": "string",
          "description": "The Timestamp property is a DateTimeOffset value that is maintained on the server side to record the time an entity was last modified.\nThe Table service uses the Timestamp property internally to provide optimistic concurrency. The value of Timestamp is a monotonically increasing value,\nmeaning that each time the entity is modified, the value of Timestamp increases for that entity. This property should not be set on insert or update operations (the value will be ignored).",
          "format": "date-time"
        },
        "ETag": {
          "description": "Gets or sets the entity's ETag.",
          "allOf": [
            {
              "$ref": "#/definitions/ETag"
            }
          ]
        },
        "Item": {},
        "Keys": {
          "type": "array",
          "description": "Gets an ICollection`1 containing the keys of the IDictionary`2.",
          "items": {
            "type": "string"
          }
        },
        "Count": {
          "type": "integer",
          "description": "Gets the number of elements contained in the ICollection`1.",
          "format": "int32"
        }
      }
    },
    "ETag": {
      "type": "object",
      "description": "Represents an HTTP ETag."
    }
  }
}