{
  "x-generator": "NSwag v13.10.2.0 (NJsonSchema v10.3.4.0 (Newtonsoft.Json v12.0.0.0))",
  "swagger": "2.0",
  "info": {
    "title": "Sanntid API",
    "description": "Real time information on public transport from Entur",
    "termsOfService": "None",
    "version": "v1"
  },
  "produces": [
    "application/json"
  ],
  "paths": {
    "/sanntid": {
      "get": {
        "tags": [
          "Sanntid"
        ],
        "summary": "Get real time information",
        "description": "Get real time information on a specific public transport line",
        "operationId": "Sanntid_Get",
        "parameters": [
          {
            "type": "string",
            "name": "line",
            "in": "query",
            "x-nullable": true
          },
          {
            "type": "integer",
            "name": "directionRef",
            "in": "query",
            "format": "int32",
            "default": 1,
            "x-nullable": false
          }
        ],
        "responses": {
          "200": {
            "x-nullable": false,
            "description": "",
            "schema": {
              "type": "array",
              "items": {
                "$ref": "#/definitions/EstimatedVehicleJourneyModel"
              }
            }
          }
        }
      }
    },
    "/sanntid/Hurtigruten": {
      "get": {
        "tags": [
          "Sanntid"
        ],
        "summary": "Hurtigruten",
        "description": "Get real time information on future Hurtigruten departures from Bodø Kystrutekai",
        "operationId": "Sanntid_GetHurtigruten",
        "parameters": [
          {
            "type": "integer",
            "name": "hoursTimeSpan",
            "in": "query",
            "format": "int32",
            "default": 24,
            "x-nullable": false
          }
        ],
        "responses": {
          "200": {
            "x-nullable": false,
            "description": "",
            "schema": {
              "$ref": "#/definitions/HurtigrutenModel"
            }
          }
        }
      }
    }
  },
  "definitions": {
    "EstimatedVehicleJourneyModel": {
      "type": "object",
      "required": [
        "directionRef",
        "cancellation",
        "operatorRef",
        "monitored",
        "isCompleteStopSequence"
      ],
      "properties": {
        "lineRef": {
          "type": "string"
        },
        "directionRef": {
          "type": "integer",
          "format": "int32"
        },
        "datedVehicleJourneyRef": {
          "type": "string"
        },
        "cancellation": {
          "type": "boolean"
        },
        "vehicleMode": {
          "type": "string"
        },
        "operatorRef": {
          "type": "integer",
          "format": "int32"
        },
        "monitored": {
          "type": "boolean"
        },
        "dataSource": {
          "type": "string"
        },
        "blockRef": {
          "type": "string"
        },
        "estimatedCalls": {
          "type": "array",
          "items": {
            "$ref": "#/definitions/EstimatedCallModel"
          }
        },
        "isCompleteStopSequence": {
          "type": "boolean"
        }
      }
    },
    "EstimatedCallModel": {
      "type": "object",
      "required": [
        "order",
        "cancellation",
        "predictionInaccurate"
      ],
      "properties": {
        "stopPointRef": {
          "type": "string"
        },
        "order": {
          "type": "integer",
          "format": "int32"
        },
        "cancellation": {
          "type": "boolean"
        },
        "predictionInaccurate": {
          "type": "boolean"
        },
        "aimedArrivalTime": {
          "type": "string",
          "format": "date-time"
        },
        "expectedArrivalTime": {
          "type": "string",
          "format": "date-time"
        },
        "arrivalBoardingActivity": {
          "type": "string"
        },
        "aimedDepartureTime": {
          "type": "string",
          "format": "date-time"
        },
        "expectedDepartureTime": {
          "type": "string",
          "format": "date-time"
        },
        "departureBoardingActivity": {
          "type": "string"
        }
      }
    },
    "HurtigrutenModel": {
      "type": "object",
      "properties": {
        "stopPlace": {
          "$ref": "#/definitions/StopPlaceModel"
        },
        "departures": {
          "type": "array",
          "items": {
            "$ref": "#/definitions/DepartureModel"
          }
        }
      }
    },
    "StopPlaceModel": {
      "type": "object",
      "properties": {
        "id": {
          "type": "string",
          "description": "EnTur ID of the stop."
        },
        "name": {
          "type": "string",
          "description": "Name of the stop."
        }
      }
    },
    "DepartureModel": {
      "type": "object",
      "required": [
        "isUpdatedRealtime"
      ],
      "properties": {
        "isUpdatedRealtime": {
          "type": "boolean",
          "description": "Whether this call has been updated with real time information."
        },
        "aimedArrivalTime": {
          "type": "string",
          "description": "Scheduled time of arrival at quay. Not affected by read time updated.",
          "format": "date-time"
        },
        "aimedDepartureTime": {
          "type": "string",
          "description": "Scheduled time of departure from quay. Not affected by read time updated.",
          "format": "date-time"
        },
        "expectedArrivalTime": {
          "type": "string",
          "description": "Expected time of arrival at quay. Updated with real time information if available.",
          "format": "date-time"
        },
        "expectedDepartureTime": {
          "type": "string",
          "description": "Expected time of departure from quay. Updated with real time information if available.",
          "format": "date-time"
        },
        "actualArrivalTime": {
          "type": "string",
          "description": "Actual time of arrival at quay. Updated from real time information if available.",
          "format": "date-time"
        },
        "actualDepartureTime": {
          "type": "string",
          "description": "Actual time of departure from quay. Updated with real time information if available",
          "format": "date-time"
        },
        "lastUpdated": {
          "type": "string",
          "description": "The last time these times were updated."
        },
        "destination": {
          "type": "string",
          "description": "Final destination."
        },
        "quayId": {
          "type": "string",
          "description": "EnTur ID of quay. Should always be the same for this application, as Bodø fergekai only has one."
        },
        "line": {
          "$ref": "#/definitions/LineModel"
        }
      }
    },
    "LineModel": {
      "type": "object",
      "properties": {
        "id": {
          "type": "string",
          "description": "EnTur ID of the line."
        },
        "name": {
          "type": "string",
          "description": "Name of the line."
        }
      }
    }
  }
}