{
	"id": "8c3d85a4-724d-b7ef-39f8-233d903ec633",
	"name": "Light Conditions API",
	"description": "API for Light Conditions",
	"order": [],
	"folders": [
		{
			"id": "ed919675-b2da-0630-f140-e530abd40c9b",
			"name": "AstronomyLightConditions",
			"description": "Folder for AstronomyLightConditions",
			"order": [
				"a2141c34-9e01-d68b-5dc8-d604670ca01c"
			],
			"owner": 0,
			"collectionId": "8c3d85a4-724d-b7ef-39f8-233d903ec633",
			"folders_order": []
		}
	],
	"timestamp": 1413302258635,
	"owner": 0,
	"folders_order": [],
	"hasRequests": true,
	"requests": [
		{
			"id": "a2141c34-9e01-d68b-5dc8-d604670ca01c",
			"headers": "Accept: text/plain, application/json, text/json\nOcp-Apim-Subscription-Key: 0e9ca988e60e44a2837d7facaa9d72ff\n",
			"headerData": [
				{
					"key": "Accept",
					"value": "text/plain, application/json, text/json",
					"description": "",
					"enabled": true
				},
				{
					"key": "Ocp-Apim-Subscription-Key",
					"value": "0e9ca988e60e44a2837d7facaa9d72ff",
					"description": "",
					"enabled": true
				}
			],
			"url": "https://ff-dev-apim.azure-api.net/lightconditions/AstronomyLightConditions",
			"folder": "ed919675-b2da-0630-f140-e530abd40c9b",
			"queryParams": [],
			"preRequestScript": "",
			"pathVariables": {},
			"pathVariableData": [],
			"method": "GET",
			"data": [],
			"dataMode": "params",
			"version": 2,
			"tests": "",
			"currentHelper": "normal",
			"helperAttributes": {},
			"time": 1615401591119,
			"name": "GetAstronomyLightConditions",
			"description": "",
			"collectionId": "8c3d85a4-724d-b7ef-39f8-233d903ec633",
			"responses": []
		}
	]
}