{
	"id": "35f1f387-9511-06db-b8b8-ca2ad3a100d5",
	"name": "Otto API",
	"description": "API for Otto",
	"order": [],
	"folders": [
		{
			"id": "182f92cc-c7a2-95af-c904-c2df7a1265a3",
			"name": "AvailableForRental",
			"description": "Folder for AvailableForRental",
			"order": [
				"cb0484ba-cbdd-18f8-d1eb-c7958acf4c29",
				"392ea93d-a256-1891-49e6-6658df59d371"
			],
			"owner": 0,
			"collectionId": "35f1f387-9511-06db-b8b8-ca2ad3a100d5",
			"folders_order": []
		}
	],
	"timestamp": 1413302258635,
	"owner": 0,
	"folders_order": [],
	"hasRequests": true,
	"requests": [
		{
			"id": "392ea93d-a256-1891-49e6-6658df59d371",
			"headers": "Accept: text/plain, application/json, text/json\nOcp-Apim-Subscription-Key: 0e9ca988e60e44a2837d7facaa9d72ff\n",
			"headerData": [
				{
					"key": "Accept",
					"value": "text/plain, application/json, text/json",
					"description": "",
					"enabled": true
				},
				{
					"key": "Ocp-Apim-Subscription-Key",
					"value": "0e9ca988e60e44a2837d7facaa9d72ff",
					"description": "",
					"enabled": true
				}
			],
			"url": "https://ff-dev-apim.azure-api.net/otto/AvailableForRental/location/:id",
			"folder": "182f92cc-c7a2-95af-c904-c2df7a1265a3",
			"queryParams": [],
			"preRequestScript": "",
			"pathVariables": {
				"id": "{{id}}"
			},
			"pathVariableData": [
				{
					"description": "",
					"key": "id",
					"value": "{{id}}"
				}
			],
			"method": "GET",
			"data": [],
			"dataMode": "params",
			"version": 2,
			"tests": "",
			"currentHelper": "normal",
			"helperAttributes": {},
			"time": 1615401887720,
			"name": "GetLocation",
			"description": "",
			"collectionId": "35f1f387-9511-06db-b8b8-ca2ad3a100d5",
			"responses": []
		},
		{
			"id": "cb0484ba-cbdd-18f8-d1eb-c7958acf4c29",
			"headers": "Accept: text/plain, application/json, text/json\nOcp-Apim-Subscription-Key: 0e9ca988e60e44a2837d7facaa9d72ff\n",
			"headerData": [
				{
					"key": "Accept",
					"value": "text/plain, application/json, text/json",
					"description": "",
					"enabled": true
				},
				{
					"key": "Ocp-Apim-Subscription-Key",
					"value": "0e9ca988e60e44a2837d7facaa9d72ff",
					"description": "",
					"enabled": true
				}
			],
			"url": "https://ff-dev-apim.azure-api.net/otto/AvailableForRental",
			"folder": "182f92cc-c7a2-95af-c904-c2df7a1265a3",
			"queryParams": [],
			"preRequestScript": "",
			"pathVariables": {},
			"pathVariableData": [],
			"method": "GET",
			"data": [],
			"dataMode": "params",
			"version": 2,
			"tests": "",
			"currentHelper": "normal",
			"helperAttributes": {},
			"time": 1615401852869,
			"name": "GetAvailableForRental",
			"description": "",
			"collectionId": "35f1f387-9511-06db-b8b8-ca2ad3a100d5",
			"responses": []
		}
	]
}