{
	"id": "f23d4152-525e-3b3e-1bba-b6cbd8c445d6",
	"name": "Folkeflyt POI API",
	"description": "API for Folkeflyt Points Of Interest",
	"order": [],
	"folders": [
		{
			"id": "b7b9a93d-8fe9-ed7c-a563-e2163fe4ee7f",
			"name": "api",
			"description": "Folder for api",
			"order": [
				"59b60725-b98d-54c8-6308-9c7817a4f445",
				"0744c08c-b385-5531-a8f5-a5adda7005aa",
				"445a6fdf-bd1d-c1b3-6177-520c725c77dd",
				"fc354f5d-f5c8-cec5-1752-6ec0bca364fd",
				"28e951ce-6037-61b5-83e3-a4fe881be6a3",
				"1c414fb8-f99f-cba4-8505-2bff0b223bcf"
			],
			"owner": 0,
			"collectionId": "f23d4152-525e-3b3e-1bba-b6cbd8c445d6",
			"folders_order": []
		}
	],
	"folders_order": [
		"b7b9a93d-8fe9-ed7c-a563-e2163fe4ee7f"
	],
	"timestamp": 1413302258635,
	"owner": 0,
	"public": false,
	"requests": [
		{
			"id": "0744c08c-b385-5531-a8f5-a5adda7005aa",
			"headers": "Accept: text/plain, application/json, text/json\nContent-Type: application/json-patch+json\nOcp-Apim-Subscription-Key: 0e9ca988e60e44a2837d7facaa9d72ff\n",
			"headerData": [
				{
					"key": "Accept",
					"value": "text/plain, application/json, text/json",
					"description": "",
					"enabled": true
				},
				{
					"key": "Content-Type",
					"value": "application/json-patch+json",
					"description": "",
					"enabled": true
				},
				{
					"key": "Ocp-Apim-Subscription-Key",
					"value": "0e9ca988e60e44a2837d7facaa9d72ff",
					"description": "",
					"enabled": true
				}
			],
			"url": "http:///api/POI",
			"queryParams": [],
			"pathVariables": {},
			"pathVariableData": [],
			"preRequestScript": "",
			"method": "POST",
			"collectionId": "f23d4152-525e-3b3e-1bba-b6cbd8c445d6",
			"data": [],
			"dataMode": "raw",
			"name": "PostPOI",
			"description": "",
			"descriptionFormat": "html",
			"time": 1615400131656,
			"version": 2,
			"responses": [],
			"tests": "",
			"currentHelper": "normal",
			"helperAttributes": {},
			"folder": "b7b9a93d-8fe9-ed7c-a563-e2163fe4ee7f",
			"rawModeData": null
		},
		{
			"id": "1c414fb8-f99f-cba4-8505-2bff0b223bcf",
			"headers": "Accept: text/plain, application/json, text/json\nOcp-Apim-Subscription-Key: 0e9ca988e60e44a2837d7facaa9d72ff\n",
			"headerData": [
				{
					"key": "Accept",
					"value": "text/plain, application/json, text/json",
					"description": "",
					"enabled": true
				},
				{
					"key": "Ocp-Apim-Subscription-Key",
					"value": "0e9ca988e60e44a2837d7facaa9d72ff",
					"description": "",
					"enabled": true
				}
			],
			"url": "https://folkeflyt.azure-api.net/folkeflytpoi/api/POI?filter=&tags={{tags}}",
			"queryParams": [
				{
					"key": "filter",
					"value": "",
					"equals": true,
					"description": "",
					"enabled": true
				},
				{
					"key": "tags",
					"value": "{{tags}}",
					"equals": true,
					"description": "",
					"enabled": true
				}
			],
			"pathVariables": {},
			"pathVariableData": [],
			"preRequestScript": "",
			"method": "GET",
			"collectionId": "f23d4152-525e-3b3e-1bba-b6cbd8c445d6",
			"data": [],
			"dataMode": "params",
			"name": "GetPOI",
			"description": "",
			"descriptionFormat": "html",
			"time": 1615400210099,
			"version": 2,
			"responses": [],
			"tests": "",
			"currentHelper": "normal",
			"helperAttributes": {},
			"folder": "b7b9a93d-8fe9-ed7c-a563-e2163fe4ee7f"
		},
		{
			"id": "28e951ce-6037-61b5-83e3-a4fe881be6a3",
			"headers": "Ocp-Apim-Subscription-Key: 0e9ca988e60e44a2837d7facaa9d72ff\n",
			"headerData": [
				{
					"key": "Ocp-Apim-Subscription-Key",
					"value": "0e9ca988e60e44a2837d7facaa9d72ff",
					"description": "",
					"enabled": true
				}
			],
			"url": "https://ff-dev-apim.azure-api.net/folkeflytpoi\n/api/POI/:id",
			"queryParams": [],
			"pathVariables": {
				"id": "{{id}}"
			},
			"pathVariableData": [
				{
					"description": "",
					"key": "id",
					"value": "{{id}}"
				}
			],
			"preRequestScript": "",
			"method": "DELETE",
			"collectionId": "f23d4152-525e-3b3e-1bba-b6cbd8c445d6",
			"data": [],
			"dataMode": "params",
			"name": "DelPOI",
			"description": "",
			"descriptionFormat": "html",
			"time": 1615400151328,
			"version": 2,
			"responses": [],
			"tests": "",
			"currentHelper": "normal",
			"helperAttributes": {},
			"folder": "b7b9a93d-8fe9-ed7c-a563-e2163fe4ee7f"
		},
		{
			"id": "445a6fdf-bd1d-c1b3-6177-520c725c77dd",
			"headers": "Content-Type: application/json-patch+json\nOcp-Apim-Subscription-Key: 0e9ca988e60e44a2837d7facaa9d72ff\n",
			"headerData": [
				{
					"key": "Content-Type",
					"value": "application/json-patch+json",
					"description": "",
					"enabled": true
				},
				{
					"key": "Ocp-Apim-Subscription-Key",
					"value": "0e9ca988e60e44a2837d7facaa9d72ff",
					"description": "",
					"enabled": true
				}
			],
			"url": "https://ff-dev-apim.azure-api.net/folkeflytpoi/api/POI/:id",
			"queryParams": [],
			"pathVariables": {
				"id": "{{id}}"
			},
			"pathVariableData": [
				{
					"description": "",
					"key": "id",
					"value": "{{id}}"
				}
			],
			"preRequestScript": "",
			"method": "PUT",
			"collectionId": "f23d4152-525e-3b3e-1bba-b6cbd8c445d6",
			"data": [],
			"dataMode": "raw",
			"name": "PutPOI",
			"description": "",
			"descriptionFormat": "html",
			"time": 1615400139296,
			"version": 2,
			"responses": [],
			"tests": "",
			"currentHelper": "normal",
			"helperAttributes": {},
			"folder": "b7b9a93d-8fe9-ed7c-a563-e2163fe4ee7f",
			"rawModeData": null
		},
		{
			"id": "59b60725-b98d-54c8-6308-9c7817a4f445",
			"headers": "Accept: text/plain, application/json, text/json\nOcp-Apim-Subscription-Key: 0e9ca988e60e44a2837d7facaa9d72ff\n",
			"headerData": [
				{
					"key": "Accept",
					"value": "text/plain, application/json, text/json",
					"description": "",
					"enabled": true
				},
				{
					"key": "Ocp-Apim-Subscription-Key",
					"value": "0e9ca988e60e44a2837d7facaa9d72ff",
					"description": "",
					"enabled": true
				}
			],
			"url": "https://ff-dev-apim.azure-api.net/folkeflytpoi/api/Route?startPOIID=1&endPOIID=2&minutesAvailable=500&transportMode=walk",
			"folder": "b7b9a93d-8fe9-ed7c-a563-e2163fe4ee7f",
			"queryParams": [
				{
					"key": "startPOIID",
					"value": "1",
					"equals": true,
					"description": "",
					"enabled": true
				},
				{
					"key": "endPOIID",
					"value": "2",
					"equals": true,
					"description": "",
					"enabled": true
				},
				{
					"key": "minutesAvailable",
					"value": "500",
					"equals": true,
					"description": "",
					"enabled": true
				},
				{
					"key": "transportMode",
					"value": "walk",
					"equals": true,
					"description": "",
					"enabled": true
				}
			],
			"preRequestScript": "",
			"pathVariables": {},
			"pathVariableData": [],
			"method": "GET",
			"data": [],
			"dataMode": "params",
			"version": 2,
			"tests": "",
			"currentHelper": "normal",
			"helperAttributes": {},
			"time": 1615400107651,
			"name": "GetRoute",
			"description": "",
			"collectionId": "f23d4152-525e-3b3e-1bba-b6cbd8c445d6",
			"responses": []
		},
		{
			"id": "fc354f5d-f5c8-cec5-1752-6ec0bca364fd",
			"headers": "Accept: text/plain, application/json, text/json\nOcp-Apim-Subscription-Key: 0e9ca988e60e44a2837d7facaa9d72ff\n",
			"headerData": [
				{
					"key": "Accept",
					"value": "text/plain, application/json, text/json",
					"description": "",
					"enabled": true
				},
				{
					"key": "Ocp-Apim-Subscription-Key",
					"value": "0e9ca988e60e44a2837d7facaa9d72ff",
					"description": "",
					"enabled": true
				}
			],
			"url": "https://ff-dev-apim.azure-api.net/folkeflytpoi/api/POI/GetFromGoogle",
			"queryParams": [],
			"pathVariables": {},
			"pathVariableData": [],
			"preRequestScript": "",
			"method": "GET",
			"collectionId": "f23d4152-525e-3b3e-1bba-b6cbd8c445d6",
			"data": [],
			"dataMode": "params",
			"name": "GetFromGoogle",
			"description": "",
			"descriptionFormat": "html",
			"time": 1615400145700,
			"version": 2,
			"responses": [],
			"tests": "",
			"currentHelper": "normal",
			"helperAttributes": {},
			"folder": "b7b9a93d-8fe9-ed7c-a563-e2163fe4ee7f"
		}
	]
}