{
  "x-generator": "NSwag v13.10.8.0 (NJsonSchema v10.3.11.0 (Newtonsoft.Json v13.0.0.0))",
  "swagger": "2.0",
  "info": {
    "title": "Flights API",
    "description": "API for Avinor Flight data. Get information on departures, arrivals and flight metadata.",
    "termsOfService": "None",
    "version": "v1"
  },
  "produces": [
    "text/plain",
    "application/json",
    "text/json"
  ],
  "paths": {
    "/flights": {
      "get": {
        "tags": [
          "Flights"
        ],
        "summary": "Flights",
        "description": "Get all departures and arrivals for Bodø Airport in the next 4 hours. \nResponses are cached for 3 minutes.",
        "operationId": "Flights_Get",
        "responses": {
          "200": {
            "x-nullable": false,
            "description": "All arrivals and departures",
            "schema": {
              "$ref": "#/definitions/AirportFlightsModel"
            }
          }
        }
      }
    },
    "/flights/departures": {
      "get": {
        "tags": [
          "Flights"
        ],
        "summary": "Departures",
        "description": "Get all flights departing from Bodø Airport in the next 4 hours.",
        "operationId": "Flights_GetDepartures",
        "responses": {
          "200": {
            "x-nullable": false,
            "description": "All departing flights",
            "schema": {
              "$ref": "#/definitions/AirportFlightsModel"
            }
          }
        }
      }
    },
    "/flights/arrivals": {
      "get": {
        "tags": [
          "Flights"
        ],
        "summary": "Arrivals",
        "description": "Get all flights arriving at Bodø Airport in the next 4 hours.",
        "operationId": "Flights_GetArrivals",
        "responses": {
          "200": {
            "x-nullable": false,
            "description": "All arriving flights",
            "schema": {
              "$ref": "#/definitions/AirportFlightsModel"
            }
          }
        }
      }
    },
    "/flights/last24hours": {
      "get": {
        "tags": [
          "Flights"
        ],
        "summary": "Last 24 hours",
        "description": "Get all flights from the last 24 hours at Bodø Airport.",
        "operationId": "Flights_GetLast24Hours",
        "responses": {
          "200": {
            "x-nullable": false,
            "description": "All flights from the last 24 hours",
            "schema": {
              "type": "array",
              "items": {
                "$ref": "#/definitions/FlightModel"
              }
            }
          }
        }
      }
    },
    "/meta/airports": {
      "get": {
        "tags": [
          "Meta"
        ],
        "summary": "Airports",
        "description": "Get all airport names and their code.",
        "operationId": "Meta_GetAirports",
        "responses": {
          "200": {
            "x-nullable": false,
            "description": "",
            "schema": {
              "type": "array",
              "items": {
                "$ref": "#/definitions/AirportModel"
              }
            }
          }
        }
      }
    },
    "/meta/statuses": {
      "get": {
        "tags": [
          "Meta"
        ],
        "summary": "Statuses",
        "description": "Get all possible flight statuses",
        "operationId": "Meta_GetStatuses",
        "responses": {
          "200": {
            "x-nullable": false,
            "description": "",
            "schema": {
              "type": "array",
              "items": {
                "$ref": "#/definitions/FlightStatusModel"
              }
            }
          }
        }
      }
    }
  },
  "definitions": {
    "AirportFlightsModel": {
      "type": "object",
      "properties": {
        "lastUpdated": {
          "type": "string",
          "format": "date-time"
        },
        "airport": {
          "$ref": "#/definitions/AirportModel"
        },
        "flights": {
          "type": "array",
          "description": "Scheduled flights for the given airport.",
          "items": {
            "$ref": "#/definitions/FlightModel"
          }
        }
      }
    },
    "AirportModel": {
      "type": "object",
      "properties": {
        "code": {
          "type": "string"
        },
        "name": {
          "type": "string"
        }
      }
    },
    "FlightModel": {
      "type": "object",
      "required": [
        "scheduledTime",
        "delayed"
      ],
      "properties": {
        "uniqueId": {
          "type": "string",
          "description": "Angir unik ID for flight, max 12 tall"
        },
        "airline": {
          "type": "string"
        },
        "flightId": {
          "type": "string",
          "description": "ID for flight. Eks: \"SK4167\"."
        },
        "direction": {
          "type": "string",
          "description": "Angir ankomst eller avgang. \"Arrival\" eller \"Departure\""
        },
        "type": {
          "type": "string",
          "description": "Angir type flight. Innenriks (\"Domestic\"), internasjonal (\"International\") eller Schengen (\"Schengen\")"
        },
        "scheduledTime": {
          "type": "string",
          "description": "Ankomst/Avgangstid (UTC)",
          "format": "date-time"
        },
        "airport": {
          "description": "Viser IATA-kode for ankomst- eller avgangsflyplass avhengig av \"Direction\"",
          "allOf": [
            {
              "$ref": "#/definitions/AirportModel"
            }
          ]
        },
        "viaAirports": {
          "type": "array",
          "description": "Viser eventuelle mellomlandinger",
          "items": {
            "$ref": "#/definitions/AirportModel"
          }
        },
        "gate": {
          "type": "string",
          "description": "Unik Id for flight"
        },
        "checkIn": {
          "type": "string",
          "description": "Viser innsjekkingsområde (foreløpig bare tilgjengelig for Oslo Lufthavn). Eks: \"A, B, C, D\".\n            "
        },
        "beltNumber": {
          "type": "string",
          "description": "Angir hvilket bagasjebånd som benyttes for en flight."
        },
        "status": {
          "$ref": "#/definitions/FlightStatusModel"
        },
        "delayed": {
          "type": "boolean",
          "description": "Angir om flight er forsinket."
        }
      }
    },
    "FlightStatusModel": {
      "type": "object",
      "properties": {
        "code": {
          "type": "string",
          "description": "Angir status på en flight"
        },
        "english": {
          "type": "string",
          "description": "StatusDto tekst på engelsk"
        },
        "norwegian": {
          "type": "string",
          "description": "StatusDto tekst på norsk"
        },
        "time": {
          "type": "string",
          "description": "Angir statustidspunkt for en flight (UTC)",
          "format": "date-time"
        }
      }
    }
  }
}