{
  "x-generator": "NSwag v13.10.2.0 (NJsonSchema v10.3.4.0 (Newtonsoft.Json v12.0.0.0))",
  "swagger": "2.0",
  "info": {
    "title": "Badetassen API",
    "description": "Get information bathing temperature in Bodø based on the Badetassen sensor from Altibox",
    "termsOfService": "None",
    "version": "v1"
  },
  "produces": [
    "text/plain",
    "application/json",
    "text/json"
  ],
  "paths": {
    "/BathingTemperature": {
      "get": {
        "tags": [
          "BathingTemperature"
        ],
        "summary": "Get bathing temperatures for Bodø",
        "description": "Get bathing temperatures for Bodø from Badetassen",
        "operationId": "BathingTemperature_Get",
        "responses": {
          "200": {
            "x-nullable": false,
            "description": "",
            "schema": {
              "type": "array",
              "items": {
                "$ref": "#/definitions/BathingTemperatureModel"
              }
            }
          }
        }
      }
    }
  },
  "definitions": {
    "BathingTemperatureModel": {
      "type": "object",
      "required": [
        "id",
        "areaId",
        "latitude",
        "longitude",
        "lastReadingTime",
        "lastTemperature"
      ],
      "properties": {
        "id": {
          "type": "integer",
          "format": "int32"
        },
        "areaId": {
          "type": "integer",
          "format": "int32"
        },
        "name": {
          "type": "string"
        },
        "latitude": {
          "type": "number",
          "format": "double"
        },
        "longitude": {
          "type": "number",
          "format": "double"
        },
        "imageUrl": {
          "type": "string"
        },
        "lastReadingTime": {
          "type": "string",
          "format": "date-time"
        },
        "lastTemperature": {
          "type": "number",
          "format": "float"
        }
      }
    }
  }
}