{
  "x-generator": "NSwag v13.10.2.0 (NJsonSchema v10.3.4.0 (Newtonsoft.Json v12.0.0.0))",
  "swagger": "2.0",
  "info": {
    "title": "Reiseplanlegger API",
    "description": "Travel suggestions for how to get from A to B",
    "termsOfService": "None",
    "version": "v1"
  },
  "paths": {
    "/Directions": {
      "get": {
        "tags": [
          "Directions"
        ],
        "summary": "Get the optimal route from A to B given the transport mode and minutes available",
        "description": "This operation decides the optimal route from A to B given the transport mode and minutes available using the EnTur API in the background",
        "operationId": "Directions_RouteFinder",
        "produces": [
          "text/plain",
          "application/json",
          "text/json"
        ],
        "parameters": [
          {
            "type": "number",
            "name": "fromLat",
            "in": "query",
            "format": "double",
            "default": 67.27201106674154,
            "x-nullable": false
          },
          {
            "type": "number",
            "name": "fromLon",
            "in": "query",
            "format": "double",
            "default": 14.351895205688761,
            "x-nullable": false
          },
          {
            "type": "number",
            "name": "toLat",
            "in": "query",
            "format": "double",
            "default": 67.28863567665056,
            "x-nullable": false
          },
          {
            "type": "number",
            "name": "toLon",
            "in": "query",
            "format": "double",
            "default": 14.39420973532621,
            "x-nullable": false
          },
          {
            "type": "string",
            "name": "transportType",
            "in": "query",
            "x-schema": {
              "$ref": "#/definitions/TransportTypeEnum"
            },
            "default": "walk",
            "x-nullable": false,
            "enum": [
              "walk",
              "publictransport",
              "bike"
            ]
          }
        ],
        "responses": {
          "200": {
            "x-nullable": false,
            "description": "",
            "schema": {
              "type": "array",
              "items": {
                "$ref": "#/definitions/Route"
              }
            }
          }
        }
      }
    },
    "/Directions/FindOttoRoute": {
      "get": {
        "tags": [
          "Directions"
        ],
        "summary": "Otto wayfinder",
        "description": "Finds the closest Otto stations to go from/to, and shows directions for the whole journey.",
        "operationId": "Directions_OttoJourney",
        "produces": [
          "text/plain",
          "application/json",
          "text/json"
        ],
        "parameters": [
          {
            "type": "string",
            "name": "vehicle_type",
            "in": "query",
            "description": "The desired vehicle to use. Defaults to bike_or_scooter if omitted.",
            "x-schema": {
              "$ref": "#/definitions/OttoVehicleTypeEnum"
            },
            "x-nullable": true,
            "enum": [
              "bike",
              "scooter",
              "bike_or_scooter"
            ]
          },
          {
            "type": "number",
            "name": "fromLat",
            "in": "query",
            "format": "double",
            "default": 67.27201106674154,
            "x-nullable": false
          },
          {
            "type": "number",
            "name": "fromLon",
            "in": "query",
            "format": "double",
            "default": 14.351895205688761,
            "x-nullable": false
          },
          {
            "type": "number",
            "name": "toLat",
            "in": "query",
            "format": "double",
            "default": 67.28863567665056,
            "x-nullable": false
          },
          {
            "type": "number",
            "name": "toLon",
            "in": "query",
            "format": "double",
            "default": 14.39420973532621,
            "x-nullable": false
          },
          {
            "type": "number",
            "name": "maxWalkDistance",
            "in": "query",
            "description": "Maximum walking distance (to and from Otto locations) in meters.",
            "format": "double",
            "default": 1000000.0,
            "x-nullable": false
          }
        ],
        "responses": {
          "200": {
            "x-nullable": false,
            "description": "",
            "schema": {
              "type": "array",
              "items": {
                "$ref": "#/definitions/Route"
              }
            }
          }
        }
      }
    },
    "/Directions/SaveOttoRoutes": {
      "get": {
        "tags": [
          "Directions"
        ],
        "operationId": "Directions_SaveOttoRoutes",
        "responses": {
          "200": {
            "description": ""
          }
        }
      }
    },
    "/Health": {
      "get": {
        "tags": [
          "Health"
        ],
        "summary": "Health",
        "description": "Check health of the service",
        "operationId": "Health_GetHealth",
        "responses": {
          "200": {
            "x-nullable": true,
            "description": "",
            "schema": {
              "type": "file"
            }
          }
        }
      }
    },
    "/SpareTime": {
      "get": {
        "tags": [
          "SpareTime"
        ],
        "summary": "Get suggested places to visit",
        "description": "Get a list of suggested places to visit (with suggested journey plan) while spending time in Bodø. Typical use case is something like arriving at the airport and transferring to the train station with a couple of hours spare time. \nTakes in your current location, your destination, the type of location you want to visit and the amount of time you have before you have to be at your destination.",
        "operationId": "SpareTime_SpareTime",
        "produces": [
          "text/plain",
          "application/json",
          "text/json"
        ],
        "parameters": [
          {
            "type": "number",
            "name": "fromLat",
            "in": "query",
            "description": "Latitude of your current location.",
            "format": "double",
            "default": 67.27201106674154,
            "x-nullable": false
          },
          {
            "type": "number",
            "name": "fromLon",
            "in": "query",
            "description": "Longitude of your current location.",
            "format": "double",
            "default": 14.351895205688761,
            "x-nullable": false
          },
          {
            "type": "number",
            "name": "toLat",
            "in": "query",
            "description": "Latitude of your destination, i.e. where you have to be after your spare time. For example the train station or harbor.",
            "format": "double",
            "default": 67.28863567665056,
            "x-nullable": false
          },
          {
            "type": "number",
            "name": "toLon",
            "in": "query",
            "description": "Longitude of your destination, i.e. where you have to be after your spare time. For example the train station or harbor.",
            "format": "double",
            "default": 14.39420973532621,
            "x-nullable": false
          },
          {
            "type": "string",
            "name": "type",
            "in": "query",
            "description": "The type of location you would like to visit in your spare time.",
            "default": "mat",
            "x-nullable": true
          },
          {
            "type": "integer",
            "name": "spareMinutes",
            "in": "query",
            "description": "Amount of time (in minutes) until you have to be at your destination.",
            "format": "int32",
            "default": 120,
            "x-nullable": false
          }
        ],
        "responses": {
          "200": {
            "x-nullable": false,
            "description": "",
            "schema": {
              "type": "array",
              "items": {
                "$ref": "#/definitions/SpareTimeSuggestion"
              }
            }
          }
        }
      }
    }
  },
  "definitions": {
    "Route": {
      "type": "object",
      "required": [
        "startTime",
        "duration",
        "walkDistance"
      ],
      "properties": {
        "startTime": {
          "type": "string",
          "description": "Start time of trip.",
          "format": "date-time"
        },
        "duration": {
          "type": "number",
          "description": "Duration in seconds.",
          "format": "double"
        },
        "walkDistance": {
          "type": "number",
          "description": "Distance covered by walking, in meters.",
          "format": "double"
        },
        "legs": {
          "type": "array",
          "items": {
            "$ref": "#/definitions/Leg"
          }
        }
      }
    },
    "Leg": {
      "type": "object",
      "required": [
        "duration",
        "distance",
        "startTime",
        "numStops"
      ],
      "properties": {
        "transportMode": {
          "type": "string",
          "description": "Transport mode: Either foot, bicycle, bus or rail."
        },
        "duration": {
          "type": "number",
          "description": "Duration in seconds.",
          "format": "double"
        },
        "distance": {
          "type": "number",
          "description": "Distance in meters.",
          "format": "double"
        },
        "startTime": {
          "type": "string",
          "description": "Estimated start time, specifically estimated departure time if public transport.",
          "format": "date-time"
        },
        "line": {
          "type": "string",
          "description": "The code of the line taken, if public transport."
        },
        "lineDirection": {
          "type": "string",
          "description": "The direction of the line (i.e. the terminal station), if public transport."
        },
        "numStops": {
          "type": "integer",
          "description": "Number of stops inbetween departure and arrival, if public transport.",
          "format": "int32"
        },
        "fromPlaceName": {
          "type": "string",
          "description": "The name of the station travelled from, if applicable."
        },
        "toPlaceName": {
          "type": "string",
          "description": "The name of the station travelled to, if applicable."
        },
        "polyLine": {
          "$ref": "#/definitions/PolyLineCode"
        }
      }
    },
    "PolyLineCode": {
      "type": "object",
      "required": [
        "length"
      ],
      "properties": {
        "length": {
          "type": "integer",
          "description": "The amount of points on the line.",
          "format": "int32"
        },
        "code": {
          "type": "string",
          "description": "The encoded polyline (http://code.google.com/apis/maps/documentation/polylinealgorithm.html).\nBe aware that the string could contain escape characters (https://www.freeformatter.com/javascript-escape.html)."
        }
      }
    },
    "TransportTypeEnum": {
      "type": "string",
      "description": "",
      "x-enumNames": [
        "walk",
        "publictransport",
        "bike"
      ],
      "enum": [
        "walk",
        "publictransport",
        "bike"
      ]
    },
    "OttoVehicleTypeEnum": {
      "type": "string",
      "description": "",
      "x-enumNames": [
        "bike",
        "scooter",
        "bike_or_scooter"
      ],
      "enum": [
        "bike",
        "scooter",
        "bike_or_scooter"
      ]
    },
    "SpareTimeSuggestion": {
      "type": "object",
      "properties": {
        "journey": {
          "$ref": "#/definitions/Route"
        },
        "visitLocation": {
          "$ref": "#/definitions/PoiDto"
        }
      }
    },
    "PoiDto": {
      "type": "object",
      "required": [
        "duration"
      ],
      "properties": {
        "id": {
          "type": "string"
        },
        "name": {
          "type": "string"
        },
        "coordinates": {
          "$ref": "#/definitions/Coordinates"
        },
        "adress": {
          "type": "string"
        },
        "type": {
          "type": "string"
        },
        "openingHours": {
          "$ref": "#/definitions/OpeningHours"
        },
        "weather": {
          "type": "array",
          "items": {
            "type": "string"
          }
        },
        "season": {
          "type": "array",
          "items": {
            "type": "string"
          }
        },
        "duration": {
          "type": "number",
          "format": "float"
        },
        "description": {
          "type": "string"
        },
        "pictureName": {
          "type": "string"
        },
        "pictureLink": {
          "type": "string"
        },
        "url": {
          "type": "string"
        }
      }
    },
    "Coordinates": {
      "type": "object",
      "required": [
        "latitude",
        "longitude"
      ],
      "properties": {
        "latitude": {
          "type": "number",
          "format": "double"
        },
        "longitude": {
          "type": "number",
          "format": "double"
        }
      }
    },
    "OpeningHours": {
      "type": "object",
      "properties": {
        "monday": {
          "$ref": "#/definitions/Day"
        },
        "tuesday": {
          "$ref": "#/definitions/Day"
        },
        "wednesday": {
          "$ref": "#/definitions/Day"
        },
        "thursday": {
          "$ref": "#/definitions/Day"
        },
        "friday": {
          "$ref": "#/definitions/Day"
        },
        "saturday": {
          "$ref": "#/definitions/Day"
        },
        "sunday": {
          "$ref": "#/definitions/Day"
        },
        "closedOnHoliday": {
          "type": "string"
        }
      }
    },
    "Day": {
      "type": "object",
      "properties": {
        "opens": {
          "type": "string"
        },
        "closes": {
          "type": "string"
        }
      }
    }
  }
}