{
  "x-generator": "NSwag v13.10.2.0 (NJsonSchema v10.3.4.0 (Newtonsoft.Json v12.0.0.0))",
  "swagger": "2.0",
  "info": {
    "title": "Light Conditions API",
    "description": "Get light condition information such as sun up and down and twilight hours",
    "termsOfService": "None",
    "version": "v1"
  },
  "produces": [
    "text/plain",
    "application/json",
    "text/json"
  ],
  "paths": {
    "/LightConditions": {
      "get": {
        "tags": [
          "AstronomyLightConditions"
        ],
        "summary": "Get light conditions",
        "description": "Sunrise, sunset and twilight times (local time) for the current day loaded from cache",
        "operationId": "AstronomyLightConditions_GetLightConditionsFromCache",
        "responses": {
          "200": {
            "x-nullable": false,
            "description": "",
            "schema": {
              "$ref": "#/definitions/LightConditionsDto"
            }
          }
        }
      }
    },
    "/DateTimeLightConditions": {
      "get": {
        "tags": [
          "AstronomyLightConditions"
        ],
        "summary": "Get light conditions in UTC format",
        "description": "Datetime formatted sunrise, sunset and twilight times (UTC) for the current day",
        "operationId": "AstronomyLightConditions_GetDateTimeLightConditionsFromCache",
        "responses": {
          "200": {
            "x-nullable": false,
            "description": "",
            "schema": {
              "$ref": "#/definitions/LightConditionsDateTimeDto"
            }
          }
        }
      }
    }
  },
  "definitions": {
    "LightConditionsDto": {
      "type": "object",
      "properties": {
        "civilTwilightMorning": {
          "$ref": "#/definitions/TimestampDto"
        },
        "sunup": {
          "$ref": "#/definitions/TimestampDto"
        },
        "sundown": {
          "$ref": "#/definitions/TimestampDto"
        },
        "civilTwilightEvening": {
          "$ref": "#/definitions/TimestampDto"
        }
      }
    },
    "TimestampDto": {
      "type": "object",
      "required": [
        "hour",
        "minute"
      ],
      "properties": {
        "hour": {
          "type": "integer",
          "format": "int32"
        },
        "minute": {
          "type": "integer",
          "format": "int32"
        }
      }
    },
    "LightConditionsDateTimeDto": {
      "type": "object",
      "properties": {
        "civilTwilightMorning": {
          "type": "string",
          "format": "date-time"
        },
        "sunup": {
          "type": "string",
          "format": "date-time"
        },
        "sundown": {
          "type": "string",
          "format": "date-time"
        },
        "civilTwilightEvening": {
          "type": "string",
          "format": "date-time"
        }
      }
    }
  }
}