{
	"id": "bd7e05d0-a609-0a34-3549-eb56f7f8756c",
	"name": "Point Of Interest API",
	"description": "API for Point Of Interest",
	"order": [],
	"folders": [
		{
			"id": "d21fd5ee-01ec-87bc-e1b5-571b83a258de",
			"name": "poi",
			"description": "Folder for poi",
			"order": [
				"ebb452e3-71cf-af26-ede8-0985468f38be",
				"b162161b-0f37-c949-a52a-f388cc7fa95b",
				"bbb54bdf-c2b5-1d69-34ec-f9530a7b00e2"
			],
			"owner": 0,
			"collectionId": "bd7e05d0-a609-0a34-3549-eb56f7f8756c",
			"folders_order": []
		}
	],
	"timestamp": 1413302258635,
	"owner": 0,
	"folders_order": [],
	"hasRequests": true,
	"requests": [
		{
			"id": "b162161b-0f37-c949-a52a-f388cc7fa95b",
			"headers": "Accept: text/plain, application/json, text/json\nContent-Type: application/json\nOcp-Apim-Subscription-Key: 0e9ca988e60e44a2837d7facaa9d72ff\n",
			"headerData": [
				{
					"key": "Accept",
					"value": "text/plain, application/json, text/json",
					"description": "",
					"enabled": true
				},
				{
					"key": "Content-Type",
					"value": "application/json",
					"description": "",
					"enabled": true
				},
				{
					"key": "Ocp-Apim-Subscription-Key",
					"value": "0e9ca988e60e44a2837d7facaa9d72ff",
					"description": "",
					"enabled": true
				}
			],
			"url": "https://ff-dev-apim.azure-api.net/pointofinterest/poi",
			"folder": "d21fd5ee-01ec-87bc-e1b5-571b83a258de",
			"queryParams": [],
			"preRequestScript": "",
			"pathVariables": {},
			"pathVariableData": [],
			"method": "POST",
			"data": [],
			"dataMode": "raw",
			"version": 2,
			"tests": "",
			"currentHelper": "normal",
			"helperAttributes": {},
			"time": 1615402100200,
			"name": "PutPoi",
			"description": "",
			"collectionId": "bd7e05d0-a609-0a34-3549-eb56f7f8756c",
			"responses": [],
			"rawModeData": null
		},
		{
			"id": "bbb54bdf-c2b5-1d69-34ec-f9530a7b00e2",
			"headers": "Accept: text/plain, application/json, text/json\nOcp-Apim-Subscription-Key: 0e9ca988e60e44a2837d7facaa9d72ff\n",
			"headerData": [
				{
					"key": "Accept",
					"value": "text/plain, application/json, text/json",
					"description": "",
					"enabled": true
				},
				{
					"key": "Ocp-Apim-Subscription-Key",
					"value": "0e9ca988e60e44a2837d7facaa9d72ff",
					"description": "",
					"enabled": true
				}
			],
			"url": "https://ff-dev-apim.azure-api.net/pointofinterest/poi/:id",
			"folder": "d21fd5ee-01ec-87bc-e1b5-571b83a258de",
			"queryParams": [],
			"preRequestScript": "",
			"pathVariables": {
				"id": "1"
			},
			"pathVariableData": [
				{
					"description": "",
					"key": "id",
					"value": "1"
				}
			],
			"method": "GET",
			"data": [],
			"dataMode": "params",
			"version": 2,
			"tests": "",
			"currentHelper": "normal",
			"helperAttributes": {},
			"time": 1615402156826,
			"name": "GetPoi",
			"description": "",
			"collectionId": "bd7e05d0-a609-0a34-3549-eb56f7f8756c",
			"responses": []
		},
		{
			"id": "ebb452e3-71cf-af26-ede8-0985468f38be",
			"headers": "Accept: text/plain, application/json, text/json\nOcp-Apim-Subscription-Key: 0e9ca988e60e44a2837d7facaa9d72ff\n",
			"headerData": [
				{
					"key": "Accept",
					"value": "text/plain, application/json, text/json",
					"description": "",
					"enabled": true
				},
				{
					"key": "Ocp-Apim-Subscription-Key",
					"value": "0e9ca988e60e44a2837d7facaa9d72ff",
					"description": "",
					"enabled": true
				}
			],
			"url": "https://ff-dev-apim.azure-api.net/pointofinterest/poi/search?Tags={{Tags}}&Coordinates={{Coordinates}}&Ids={{Ids}}&page=1&pageSize=10",
			"folder": "d21fd5ee-01ec-87bc-e1b5-571b83a258de",
			"queryParams": [
				{
					"key": "Tags",
					"value": "{{Tags}}",
					"equals": true,
					"description": "",
					"enabled": true
				},
				{
					"key": "Coordinates",
					"value": "{{Coordinates}}",
					"equals": true,
					"description": "",
					"enabled": true
				},
				{
					"key": "Ids",
					"value": "{{Ids}}",
					"equals": true,
					"description": "",
					"enabled": true
				},
				{
					"key": "page",
					"value": "1",
					"equals": true,
					"description": "",
					"enabled": true
				},
				{
					"key": "pageSize",
					"value": "10",
					"equals": true,
					"description": "",
					"enabled": true
				}
			],
			"preRequestScript": "",
			"pathVariables": {},
			"pathVariableData": [],
			"method": "GET",
			"data": [],
			"dataMode": "params",
			"version": 2,
			"tests": "",
			"currentHelper": "normal",
			"helperAttributes": {},
			"time": 1615402091561,
			"name": "SearchPoi",
			"description": "",
			"collectionId": "bd7e05d0-a609-0a34-3549-eb56f7f8756c",
			"responses": []
		}
	]
}