{
	"id": "919fcd84-c90d-cdee-411e-607d04bf0265",
	"name": "Sanntid API",
	"description": "API for Sanntid",
	"order": [],
	"folders": [
		{
			"id": "bdcf322f-e81b-7738-e99e-fe64f8e3bf15",
			"name": "sanntid",
			"description": "Folder for sanntid",
			"order": [
				"a6e6e297-2daa-912b-cf24-378254350e6c"
			],
			"owner": 0,
			"collectionId": "919fcd84-c90d-cdee-411e-607d04bf0265",
			"folders_order": []
		}
	],
	"timestamp": 1413302258635,
	"owner": 0,
	"folders_order": [],
	"hasRequests": true,
	"requests": [
		{
			"id": "a6e6e297-2daa-912b-cf24-378254350e6c",
			"headers": "Accept: application/json\nOcp-Apim-Subscription-Key: 0e9ca988e60e44a2837d7facaa9d72ff\n",
			"headerData": [
				{
					"key": "Accept",
					"value": "application/json",
					"description": "",
					"enabled": true
				},
				{
					"key": "Ocp-Apim-Subscription-Key",
					"value": "0e9ca988e60e44a2837d7facaa9d72ff",
					"description": "",
					"enabled": true
				}
			],
			"url": "https://ff-dev-apim.azure-api.net/entursanntid/sanntid?line=1&directionRef=1",
			"folder": "bdcf322f-e81b-7738-e99e-fe64f8e3bf15",
			"queryParams": [
				{
					"key": "line",
					"value": "1",
					"equals": true,
					"description": "",
					"enabled": true
				},
				{
					"key": "directionRef",
					"value": "1",
					"equals": true,
					"description": "",
					"enabled": true
				}
			],
			"preRequestScript": "",
			"pathVariables": {},
			"pathVariableData": [],
			"method": "GET",
			"data": [],
			"dataMode": "params",
			"version": 2,
			"tests": "",
			"currentHelper": "normal",
			"helperAttributes": {},
			"time": 1615401011838,
			"name": "GetSanntid",
			"description": "",
			"collectionId": "919fcd84-c90d-cdee-411e-607d04bf0265",
			"responses": []
		}
	]
}