{
    "openapi" : "3.0.0",
    "info" : {
      "title" : "Otto API",
      "description" : "Public API endpoints for the \n[Otto platform](https://otto.no)\n.",
      "contact" : {
        "email" : "hei@otto.no"
      },
      "version" : "1.0.1"
    },
    "servers" : [ {
      "url" : "https://api.otto.no"
    } ],
    "security" : [ {
      "bearer" : [ ]
    } ],
    "tags" : [ {
      "name" : "Locations",
      "description": "Our mobility service is location based, which means a reservation will both start and end at a _location_ (no free floating).\n\nThese endpoints are used to display a map of all available locations, and to retrieve live vehicle status for a specific location. "
    } ],
    "paths" : {
      "/locations": {
        "$ref": "./locations.json#/getLocations"
      },
      "/locations/:id": {
        "$ref": "./locations.json#/getLocation"
      }
    },
    "components" : {
      "securitySchemes" : {
        "bearer" : {
          "type" : "http",
          "scheme" : "bearer",
          "bearerFormat" : "JWT"
        }
      }
    }
  }