{
  "x-generator": "NSwag v13.10.2.0 (NJsonSchema v10.3.4.0 (Newtonsoft.Json v12.0.0.0))",
  "swagger": "2.0",
  "info": {
    "title": "Otto API",
    "description": "API for the Otto mobility service in Bodø. This API provides information on locations from which a vehicle can be leased.",
    "termsOfService": "None",
    "version": "v1"
  },
  "produces": [
    "text/plain",
    "application/json",
    "text/json"
  ],
  "paths": {
    "/Locations": {
      "get": {
        "tags": [
          "Locations"
        ],
        "summary": "List all Otto stations",
        "description": "Get all available Otto stations. It is recommended to use BodoLocations for locations in the Bodø area.",
        "operationId": "Locations_GetLocations",
        "responses": {
          "200": {
            "x-nullable": false,
            "description": "",
            "schema": {
              "type": "array",
              "items": {
                "$ref": "#/definitions/LocationModel"
              }
            }
          }
        }
      }
    },
    "/Vehicles/{location_id}": {
      "get": {
        "tags": [
          "Locations"
        ],
        "summary": "Get vehicles",
        "description": "Get detailed list of vehicles at a station",
        "operationId": "Locations_GetVehicles",
        "parameters": [
          {
            "type": "integer",
            "name": "location_id",
            "in": "path",
            "required": true,
            "description": "The ID of the Otto station you wish to get vehicles from.",
            "format": "int32",
            "x-nullable": false
          }
        ],
        "responses": {
          "200": {
            "x-nullable": false,
            "description": "",
            "schema": {
              "type": "array",
              "items": {
                "$ref": "#/definitions/VehicleModel"
              }
            }
          }
        }
      }
    },
    "/FindClosest": {
      "get": {
        "tags": [
          "Locations"
        ],
        "summary": "Get closest location",
        "description": "Get the closest Otto location (by air). Returns the location info as well as the distance from where you currently are.",
        "operationId": "Locations_FindClosest",
        "parameters": [
          {
            "type": "string",
            "name": "vehicle_type",
            "in": "query",
            "description": "The desired supported vehicle type(s). Defaults to \"any\" if omitted.",
            "x-schema": {
              "$ref": "#/definitions/VehicleTypeEnum"
            },
            "x-nullable": true,
            "enum": [
              "any",
              "bike",
              "scooter",
              "car",
              "any_except_car"
            ]
          },
          {
            "type": "number",
            "name": "latitude",
            "in": "query",
            "format": "double",
            "default": 67.28102243084668,
            "x-nullable": false
          },
          {
            "type": "number",
            "name": "longitude",
            "in": "query",
            "format": "double",
            "default": 14.392142535876076,
            "x-nullable": false
          }
        ],
        "responses": {
          "200": {
            "x-nullable": false,
            "description": "",
            "schema": {
              "$ref": "#/definitions/ClosestLocationInfoModel"
            }
          }
        }
      }
    },
    "/BodoLocations": {
      "get": {
        "tags": [
          "Locations"
        ],
        "summary": "Get Bodø locations",
        "description": "Get all stations within Bodø.",
        "operationId": "Locations_FindWithinBodo",
        "parameters": [
          {
            "type": "string",
            "name": "vehicle_type",
            "in": "query",
            "description": "The desired supported vehicle type(s). Defaults to \"any\" if omitted.",
            "x-schema": {
              "$ref": "#/definitions/VehicleTypeEnum"
            },
            "x-nullable": true,
            "enum": [
              "any",
              "bike",
              "scooter",
              "car",
              "any_except_car"
            ]
          }
        ],
        "responses": {
          "200": {
            "x-nullable": false,
            "description": "",
            "schema": {
              "type": "array",
              "items": {
                "$ref": "#/definitions/LocationModel"
              }
            }
          }
        }
      }
    }
  },
  "definitions": {
    "LocationModel": {
      "type": "object",
      "required": [
        "id",
        "latitude",
        "longitude",
        "lockedGarage",
        "favourite",
        "hasRemoteOpener"
      ],
      "properties": {
        "id": {
          "type": "integer",
          "format": "int32"
        },
        "name": {
          "type": "string"
        },
        "address": {
          "type": "string"
        },
        "latitude": {
          "type": "number",
          "format": "double"
        },
        "longitude": {
          "type": "number",
          "format": "double"
        },
        "lockedGarage": {
          "type": "boolean"
        },
        "favourite": {
          "type": "boolean"
        },
        "supportedVehicles": {
          "$ref": "#/definitions/VehicleSupport"
        },
        "hasRemoteOpener": {
          "type": "boolean"
        }
      }
    },
    "VehicleSupport": {
      "type": "object",
      "required": [
        "car",
        "bike",
        "scooter"
      ],
      "properties": {
        "car": {
          "type": "boolean"
        },
        "bike": {
          "type": "boolean"
        },
        "scooter": {
          "type": "boolean"
        }
      }
    },
    "VehicleModel": {
      "type": "object",
      "required": [
        "id",
        "active"
      ],
      "properties": {
        "id": {
          "type": "integer",
          "format": "int32"
        },
        "licencePlate": {
          "type": "string"
        },
        "type": {
          "type": "string"
        },
        "model": {
          "type": "string"
        },
        "brand": {
          "type": "string"
        },
        "description": {
          "type": "string"
        },
        "mileage": {
          "type": "integer",
          "format": "int32"
        },
        "image": {
          "type": "string"
        },
        "fuel": {
          "$ref": "#/definitions/Fuel"
        },
        "location": {
          "$ref": "#/definitions/OttoLocation"
        },
        "attributes": {
          "$ref": "#/definitions/Attributes"
        },
        "states": {
          "$ref": "#/definitions/States"
        },
        "availability": {
          "$ref": "#/definitions/Availability"
        },
        "position": {
          "$ref": "#/definitions/Position"
        },
        "active": {
          "type": "boolean"
        },
        "price": {
          "$ref": "#/definitions/Price"
        }
      }
    },
    "Fuel": {
      "type": "object",
      "properties": {
        "status": {
          "type": "integer",
          "format": "int32"
        },
        "type": {
          "type": "string"
        },
        "estimatedRange": {
          "type": "integer",
          "format": "int32"
        },
        "wltp": {
          "type": "integer",
          "format": "int32"
        },
        "capacity": {
          "type": "integer",
          "format": "int32"
        }
      }
    },
    "OttoLocation": {
      "type": "object",
      "required": [
        "id"
      ],
      "properties": {
        "id": {
          "type": "integer",
          "format": "int32"
        },
        "name": {
          "type": "string"
        }
      }
    },
    "Attributes": {
      "type": "object",
      "required": [
        "autoGearing",
        "keyless",
        "chargeParking",
        "chargeTollroad",
        "geofence"
      ],
      "properties": {
        "autoGearing": {
          "type": "boolean"
        },
        "seats": {
          "type": "integer",
          "format": "int32"
        },
        "class": {
          "type": "string"
        },
        "keyless": {
          "type": "boolean"
        },
        "chargeParking": {
          "type": "boolean"
        },
        "chargeTollroad": {
          "type": "boolean"
        },
        "geofence": {
          "type": "boolean"
        }
      }
    },
    "States": {
      "type": "object",
      "properties": {
        "doors": {
          "type": "string"
        },
        "engine": {
          "type": "string"
        },
        "voltage": {
          "type": "number",
          "format": "double"
        }
      }
    },
    "Availability": {
      "type": "object",
      "properties": {
        "from": {
          "type": "integer",
          "format": "int32"
        },
        "to": {
          "type": "integer",
          "format": "int32"
        }
      }
    },
    "Position": {
      "type": "object",
      "properties": {
        "latitude": {
          "type": "number",
          "format": "double"
        },
        "longitude": {
          "type": "number",
          "format": "double"
        }
      }
    },
    "Price": {
      "type": "object",
      "properties": {
        "default": {
          "type": "string"
        },
        "minute": {
          "type": "integer",
          "format": "int32"
        },
        "hour": {
          "type": "integer",
          "format": "int32"
        },
        "day": {
          "type": "integer",
          "format": "int32"
        },
        "weekend": {},
        "week": {},
        "km": {
          "type": "number",
          "format": "double"
        },
        "includedKm": {
          "type": "integer",
          "format": "int32"
        },
        "membership": {}
      }
    },
    "ClosestLocationInfoModel": {
      "type": "object",
      "required": [
        "distanceInMeter"
      ],
      "properties": {
        "location": {
          "$ref": "#/definitions/LocationModel"
        },
        "distanceInMeter": {
          "type": "number",
          "description": "Distance (by air) in meter",
          "format": "double"
        }
      }
    },
    "VehicleTypeEnum": {
      "type": "string",
      "description": "",
      "x-enumNames": [
        "any",
        "bike",
        "scooter",
        "car",
        "any_except_car"
      ],
      "enum": [
        "any",
        "bike",
        "scooter",
        "car",
        "any_except_car"
      ]
    }
  }
}